booking_date,month_num,month_name,day_of_week,total_tickets,total_revenue,avg_ticket_price
2025-01-01,1,January,Wednesday,197179,36370068000,184452.0
2025-01-02,1,January,Thursday,180268,35447598000,196638.0
2025-01-03,1,January,Friday,174456,33450710000,191743.0
2025-01-04,1,January,Saturday,151182,28309265000,187253.0
2025-01-05,1,January,Sunday,147706,26222927000,177535.0
2025-01-06,1,January,Monday,148463,28693337000,193269.0
2025-01-07,1,January,Tuesday,148381,29686559000,200070.0
2025-01-08,1,January,Wednesday,152489,29797908000,195410.0
2025-01-09,1,January,Thursday,150277,29797497000,198284.0
2025-01-10,1,January,Friday,154842,31131633000,201054.0
2025-01-11,1,January,Saturday,138773,26253621000,189184.0
2025-01-12,1,January,Sunday,138880,25090556000,180664.0
2025-01-13,1,January,Monday,152581,29776151000,195150.0
2025-01-14,1,January,Tuesday,147834,30624837000,207157.0
2025-01-15,1,January,Wednesday,146748,29194115000,198940.0
2025-01-16,1,January,Thursday,147761,29822581000,201830.0
2025-01-17,1,January,Friday,150113,29249340000,194849.0
2025-01-18,1,January,Saturday,134301,24932718000,185648.0
2025-01-19,1,January,Sunday,136180,24159235000,177407.0
2025-01-20,1,January,Monday,146932,28458731000,193686.0
2025-01-21,1,January,Tuesday,151927,29520166000,194305.0
2025-01-22,1,January,Wednesday,139139,26507236000,190509.0
2025-01-23,1,January,Thursday,136135,26035653000,191249.0
2025-01-24,1,January,Friday,150253,28895233000,192311.0
2025-01-25,1,January,Saturday,143373,26218199000,182867.0
2025-01-26,1,January,Sunday,139204,24385187000,175176.0
2025-01-27,1,January,Monday,134661,23788461000,176654.0
2025-01-28,1,January,Tuesday,128507,22913428000,178305.0
2025-01-29,1,January,Wednesday,131311,23189261000,176598.0
2025-01-30,1,January,Thursday,133371,24185045000,181337.0
2025-01-31,1,January,Friday,139912,25858612000,184821.0
2025-02-01,2,February,Saturday,137818,24383815000,176928.0
2025-02-02,2,February,Sunday,136558,23323784000,170798.0
2025-02-03,2,February,Monday,145501,27208460000,186998.0
2025-02-04,2,February,Tuesday,150322,28515536000,189696.0
2025-02-05,2,February,Wednesday,156968,30173020000,192224.0
2025-02-06,2,February,Thursday,162730,31286390000,192260.0
2025-02-07,2,February,Friday,169836,31617765000,186166.0
2025-02-08,2,February,Saturday,158117,29087570000,183962.0
2025-02-09,2,February,Sunday,180165,35140792000,195048.0
2025-02-10,2,February,Monday,215150,48355281000,224751.0
2025-02-11,2,February,Tuesday,220191,51357043000,233239.0
2025-02-12,2,February,Wednesday,227518,53508336000,235183.0
2025-02-13,2,February,Thursday,200437,45009207000,224555.0
2025-02-14,2,February,Friday,195798,40917331000,208977.0
2025-02-15,2,February,Saturday,191652,36664939000,191310.0
2025-02-16,2,February,Sunday,195463,35424704000,181235.0
2025-02-17,2,February,Monday,205053,40137544000,195742.0
2025-02-18,2,February,Tuesday,209934,44731370000,213073.0
2025-02-19,2,February,Wednesday,215781,49689663000,230278.0
2025-02-20,2,February,Thursday,227041,53745454000,236721.0
2025-02-21,2,February,Friday,225727,51640991000,228776.0
2025-02-22,2,February,Saturday,192382,40223140000,209080.0
2025-02-23,2,February,Sunday,250820,65309242000,260383.0
2025-02-24,2,February,Monday,177102,34881036000,196955.0
2025-02-25,2,February,Tuesday,174516,34968533000,200374.0
2025-02-26,2,February,Wednesday,177266,33659942000,189884.0
2025-02-27,2,February,Thursday,198097,34956240000,176460.0
2025-02-28,2,February,Friday,182520,34032764000,186460.0
2025-03-01,3,March,Saturday,172005,32983116000,191757.0
2025-03-02,3,March,Sunday,168921,30807388000,182377.0
2025-03-03,3,March,Monday,160558,30606036000,190623.0
2025-03-04,3,March,Tuesday,147377,28044194000,190289.0
2025-03-05,3,March,Wednesday,132152,25755649000,194894.0
2025-03-06,3,March,Thursday,6947,1224237000,176225.0
2025-03-07,3,March,Friday,154144,28545523000,185187.0
2025-03-08,3,March,Saturday,133729,23687153010,177128.0
2025-03-09,3,March,Sunday,136993,23556530000,171954.0
2025-03-10,3,March,Monday,139948,26014396000,185886.0
2025-03-11,3,March,Tuesday,135402,25979885000,191872.0
2025-03-12,3,March,Wednesday,128231,24078310000,187773.0
2025-03-13,3,March,Thursday,139516,26144692000,187396.0
2025-03-14,3,March,Friday,147653,27097686000,183523.0
2025-03-15,3,March,Saturday,130564,23450941000,179613.0
2025-03-16,3,March,Sunday,126260,22128402001,175261.0
2025-03-17,3,March,Monday,143696,28346842050,197270.0
2025-03-18,3,March,Tuesday,176401,36823678000,208750.0
2025-03-19,3,March,Wednesday,161959,30333565000,187292.0
2025-03-20,3,March,Thursday,153610,28705329017,186871.0
2025-03-21,3,March,Friday,162505,30739878001,189163.0
2025-03-22,3,March,Saturday,150586,27792335000,184561.0
2025-03-23,3,March,Sunday,145687,28872922020,198185.0
2025-03-24,3,March,Monday,139523,26448091696,189561.0
2025-03-25,3,March,Tuesday,139966,26077684790,186314.0
2025-03-26,3,March,Wednesday,138598,24606000976,177535.0
2025-03-27,3,March,Thursday,141750,25515599945,180004.0
2025-03-28,3,March,Friday,143764,28106365061,195503.0
2025-03-29,3,March,Saturday,137752,25756548008,186978.0
2025-03-30,3,March,Sunday,123506,22724115000,183992.0
2025-03-31,3,March,Monday,122102,20490568000,167815.0
2025-04-01,4,April,Tuesday,169322,27866450015,164577.0
2025-04-02,4,April,Wednesday,170087,28082467243,165106.0
2025-04-03,4,April,Thursday,167770,28329007221,168856.0
2025-04-04,4,April,Friday,175535,30282150224,172513.0
2025-04-05,4,April,Saturday,156142,26863575360,172046.0
2025-04-06,4,April,Sunday,160356,26971496043,168198.0
2025-04-07,4,April,Monday,164917,29087338000,176376.0
2025-04-08,4,April,Tuesday,163164,31132326000,190804.0
2025-04-09,4,April,Wednesday,165539,31107949000,187919.0
2025-04-10,4,April,Thursday,168016,32452555000,193152.0
2025-04-11,4,April,Friday,174588,33133845000,189783.0
2025-04-12,4,April,Saturday,155081,28396968000,183111.0
2025-04-13,4,April,Sunday,166718,29342530000,176001.0
2025-04-14,4,April,Monday,173345,32982250000,190269.0
2025-04-15,4,April,Tuesday,163752,31327894000,191313.0
2025-04-16,4,April,Wednesday,166825,32203717000,193039.0
2025-04-17,4,April,Thursday,181970,34270144000,188329.0
2025-04-18,4,April,Friday,151837,26372734000,173691.0
2025-04-19,4,April,Saturday,142264,24363255000,171254.0
2025-04-20,4,April,Sunday,153962,25749729000,167247.0
2025-04-21,4,April,Monday,176483,33265642000,188492.0
2025-04-22,4,April,Tuesday,158177,29741436000,188026.0
2025-04-23,4,April,Wednesday,158163,29425866000,186048.0
2025-04-24,4,April,Thursday,170618,31439216000,184267.0
2025-04-25,4,April,Friday,186826,36329026000,194454.0
2025-04-26,4,April,Saturday,159547,28076798000,175978.0
2025-04-27,4,April,Sunday,161486,27510386000,170358.0
2025-04-28,4,April,Monday,169777,30925659000,182155.0
2025-04-29,4,April,Tuesday,163857,30326098000,185077.0
2025-04-30,4,April,Wednesday,178412,32892038000,184360.0
2025-05-01,5,May,Thursday,173202,31245165000,180397.0
2025-05-02,5,May,Friday,183322,33812313000,184442.0
2025-05-03,5,May,Saturday,165380,28946689000,175031.0
2025-05-04,5,May,Sunday,167533,28798075000,171895.0
2025-05-05,5,May,Monday,180997,32814508000,181299.0
2025-05-06,5,May,Tuesday,175797,33708342000,191746.0
2025-05-07,5,May,Wednesday,172675,33141314000,191929.0
2025-05-08,5,May,Thursday,173452,33577759000,193585.0
2025-05-09,5,May,Friday,178587,33540851000,187812.0
2025-05-10,5,May,Saturday,168719,29913708000,177299.0
2025-05-11,5,May,Sunday,160566,27468704000,171074.0
2025-05-12,5,May,Monday,172544,30742273000,178171.0
2025-05-13,5,May,Tuesday,169908,30437714000,179142.0
2025-05-14,5,May,Wednesday,161619,29034222000,179646.0
2025-05-15,5,May,Thursday,168643,32819489000,194609.0
2025-05-16,5,May,Friday,164100,31403348000,191367.0
2025-05-17,5,May,Saturday,149219,26329473000,176449.0
2025-05-18,5,May,Sunday,147572,24957617000,169122.0
2025-05-19,5,May,Monday,154001,28355049000,184122.0
2025-05-20,5,May,Tuesday,155346,29412878000,189338.0
2025-05-21,5,May,Wednesday,152445,28901921000,189589.0
2025-05-22,5,May,Thursday,161478,29801693000,184556.0
2025-05-23,5,May,Friday,173550,32667849000,188233.0
2025-05-24,5,May,Saturday,152407,28034598000,183946.0
2025-05-25,5,May,Sunday,159795,28568116000,178780.0
2025-05-26,5,May,Monday,165804,31089602000,187508.0
2025-05-27,5,May,Tuesday,164556,31108575000,189046.0
2025-05-28,5,May,Wednesday,176158,32805444000,186227.0
2025-05-29,5,May,Thursday,120713,21541558000,178453.0
2025-05-30,5,May,Friday,161504,30294726000,187579.0
2025-05-31,5,May,Saturday,147177,26968341000,183237.0
2025-06-01,6,June,Sunday,172528,31075850000,180121.0
2025-06-02,6,June,Monday,181909,34541504000,189883.0
2025-06-03,6,June,Tuesday,180279,35204941000,195280.0
2025-06-04,6,June,Wednesday,177301,35546056000,200484.0
2025-06-05,6,June,Thursday,238771,41663582000,174492.0
2025-06-06,6,June,Friday,183946,30700057000,166897.0
2025-06-07,6,June,Saturday,173149,28057887000,162045.0
2025-06-08,6,June,Sunday,179155,28702307000,160209.0
2025-06-09,6,June,Monday,186614,32260482000,172873.0
2025-06-10,6,June,Tuesday,180794,32083772000,177460.0
2025-06-11,6,June,Wednesday,182819,32630347000,178484.0
2025-06-12,6,June,Thursday,182357,32857796000,180184.0
2025-06-13,6,June,Friday,193941,33922747000,174913.0
2025-06-14,6,June,Saturday,176519,29444277000,166805.0
2025-06-15,6,June,Sunday,181276,29791676000,164344.0
2025-06-16,6,June,Monday,194134,34309449000,176731.0
2025-06-17,6,June,Tuesday,190204,34705917000,182467.0
2025-06-18,6,June,Wednesday,193624,34820731000,179837.0
2025-06-19,6,June,Thursday,192082,35713841000,185930.0
2025-06-20,6,June,Friday,206396,38138154000,184781.0
2025-06-21,6,June,Saturday,191755,33734699000,175926.0
2025-06-22,6,June,Sunday,193199,33135907000,171512.0
2025-06-23,6,June,Monday,202700,37757716000,186274.0
2025-06-24,6,June,Tuesday,197161,36092729000,183062.0
2025-06-25,6,June,Wednesday,200529,37748365000,188244.0
2025-06-26,6,June,Thursday,205987,37039395000,179814.0
2025-06-27,6,June,Friday,192656,33759086000,175230.0
2025-06-28,6,June,Saturday,182836,30732483000,168088.0
2025-06-29,6,June,Sunday,185535,31064294000,167431.0
2025-06-30,6,June,Monday,210071,37619939000,179082.0
2025-07-01,7,July,Tuesday,229512,41465705000,180669.0
2025-07-02,7,July,Wednesday,220323,40263675000,182748.0
2025-07-03,7,July,Thursday,209853,37911781000,180659.0
2025-07-04,7,July,Friday,206829,37208627000,179900.0
2025-07-05,7,July,Saturday,184705,31711371000,171687.0
2025-07-06,7,July,Sunday,179671,29793311000,165821.0
2025-07-07,7,July,Monday,197457,35201287000,178273.0
2025-07-08,7,July,Tuesday,189485,34950359000,184449.0
2025-07-09,7,July,Wednesday,161514,30467141000,188635.0
2025-07-10,7,July,Thursday,179989,33481783000,186021.0
2025-07-11,7,July,Friday,171072,30944016000,180883.0
2025-07-12,7,July,Saturday,148624,25117405000,169000.0
2025-07-13,7,July,Sunday,147790,23431417000,158545.0
2025-07-14,7,July,Monday,151236,26897285000,177850.0
2025-07-15,7,July,Tuesday,155156,27813329000,179260.0
2025-07-16,7,July,Wednesday,157182,28663284000,182357.0
2025-07-17,7,July,Thursday,157566,29066011000,184469.0
2025-07-18,7,July,Friday,159660,28676132000,179607.0
2025-07-19,7,July,Saturday,145142,24086935000,165954.0
2025-07-20,7,July,Sunday,147073,23321086000,158568.0
2025-07-21,7,July,Monday,164551,30324753000,184288.0
2025-07-22,7,July,Tuesday,166609,30538312000,183293.0
2025-07-23,7,July,Wednesday,159283,29154289000,183035.0
2025-07-24,7,July,Thursday,181315,35114087000,193663.0
2025-07-25,7,July,Friday,180813,33779692000,186821.0
2025-07-26,7,July,Saturday,156964,26770395000,170551.0
2025-07-27,7,July,Sunday,157469,25841284000,164104.0
2025-07-28,7,July,Monday,162898,30109223000,184835.0
2025-07-29,7,July,Tuesday,155135,29102048000,187592.0
2025-07-30,7,July,Wednesday,151835,28981141000,190873.0
2025-07-31,7,July,Thursday,155558,31129852000,200117.0
2025-08-01,8,August,Friday,188510,37980812000,201479.0
2025-08-02,8,August,Saturday,183725,36463116000,198466.0
2025-08-03,8,August,Sunday,172221,31498728000,182897.0
2025-08-04,8,August,Monday,165275,32882485000,198956.0
2025-08-05,8,August,Tuesday,160115,32915855000,205576.0
2025-08-06,8,August,Wednesday,155304,32060841000,206439.0
2025-08-07,8,August,Thursday,158906,33099264000,208295.0
2025-08-08,8,August,Friday,167535,33397405000,199346.0
2025-08-09,8,August,Saturday,151793,28021703000,184605.0
2025-08-10,8,August,Sunday,150662,26766965000,177662.0
2025-08-11,8,August,Monday,157497,30713981000,195013.0
2025-08-12,8,August,Tuesday,155510,31704952000,203877.0
2025-08-13,8,August,Wednesday,149134,29907694000,200542.0
2025-08-14,8,August,Thursday,154206,31253836000,202676.0
2025-08-15,8,August,Friday,159514,30913944000,193801.0
2025-08-16,8,August,Saturday,143640,25758278000,179325.0
2025-08-17,8,August,Sunday,142907,24970870000,174735.0
2025-08-18,8,August,Monday,149295,27695413000,185508.0
2025-08-19,8,August,Tuesday,144621,29192568000,201856.0
2025-08-20,8,August,Wednesday,144467,29450085000,203853.0
2025-08-21,8,August,Thursday,155600,31130586000,200068.0
2025-08-22,8,August,Friday,162413,31746969000,195471.0
2025-08-23,8,August,Saturday,139781,25026554000,179041.0
2025-08-24,8,August,Sunday,142753,24659283000,172741.0
2025-08-25,8,August,Monday,62127,11077229000,178300.0
2025-08-26,8,August,Tuesday,152734,29677015000,194305.0
2025-08-27,8,August,Wednesday,152172,29637627000,194764.0
2025-08-28,8,August,Thursday,318132,61869396000,194477.0
2025-08-30,8,August,Saturday,135548,23297832000,171879.0
2025-08-31,8,August,Sunday,144393,24248179000,167932.0
2025-09-01,9,September,Monday,158893,27529360000,173257.0
2025-09-02,9,September,Tuesday,159638,29606668000,185461.0
2025-09-03,9,September,Wednesday,40178,6719944000,167254.0
2025-09-04,9,September,Thursday,151372,27759222000,183384.0
2025-09-05,9,September,Friday,171632,29946682000,174482.0
2025-09-06,9,September,Saturday,140506,23589962000,167893.0
2025-09-07,9,September,Sunday,142820,24078441000,168593.0
2025-09-08,9,September,Monday,148822,27241971000,183051.0
2025-09-09,9,September,Tuesday,145147,27657389000,190547.0
2025-09-10,9,September,Wednesday,144348,27436728000,190073.0
2025-09-11,9,September,Thursday,147771,28476683000,192708.0
2025-09-12,9,September,Friday,156905,29981095000,191078.0
2025-09-13,9,September,Saturday,136936,24100780000,176000.0
2025-09-14,9,September,Sunday,140768,23471955000,166742.0
2025-09-15,9,September,Monday,144655,26878277000,185810.0
2025-09-16,9,September,Tuesday,140045,26746315000,190984.0
2025-09-17,9,September,Wednesday,144104,29130635000,202150.0
2025-09-18,9,September,Thursday,146331,28073775000,191851.0
2025-09-19,9,September,Friday,154654,29336878000,189694.0
2025-09-20,9,September,Saturday,136266,24161705000,177313.0
2025-09-21,9,September,Sunday,141767,23755250000,167565.0
2025-09-22,9,September,Monday,141632,26275607000,185520.0
2025-09-23,9,September,Tuesday,138153,25942917000,187784.0
2025-09-24,9,September,Wednesday,144737,28181298000,194707.0
2025-09-25,9,September,Thursday,149205,28991848000,194309.0
2025-09-26,9,September,Friday,154128,29156739000,189172.0
2025-09-27,9,September,Saturday,133662,23038496000,172364.0
2025-09-28,9,September,Sunday,310876,61113804000,196586.0
2025-09-29,9,September,Monday,158051,29335248000,185606.0
2025-09-30,9,September,Tuesday,151469,28277154000,186686.0
2025-10-01,10,October,Wednesday,159532,30705661000,192473.0
2025-10-02,10,October,Thursday,160456,31219805000,194569.0
2025-10-03,10,October,Friday,165151,31681683000,191835.0
2025-10-04,10,October,Saturday,145614,26050852000,178903.0
2025-10-05,10,October,Sunday,153435,25831940000,168358.0
2025-10-06,10,October,Monday,156548,30165784000,192694.0
2025-10-07,10,October,Tuesday,148014,28792527000,194526.0
2025-10-08,10,October,Wednesday,148899,29496508000,198097.0
2025-10-09,10,October,Thursday,153212,30708662000,200432.0
2025-10-10,10,October,Friday,163305,31703660000,194138.0
2025-10-11,10,October,Saturday,141978,25528857000,179809.0
2025-10-12,10,October,Sunday,148648,25603203000,172240.0
2025-10-13,10,October,Monday,151448,29659028000,195836.0
2025-10-14,10,October,Tuesday,145525,28975473000,199110.0
2025-10-15,10,October,Wednesday,144080,28833369000,200121.0
2025-10-16,10,October,Thursday,154287,31288545000,202794.0
2025-10-17,10,October,Friday,155905,31036207000,199071.0
2025-10-18,10,October,Saturday,138480,25119105000,181392.0
2025-10-19,10,October,Sunday,144026,24756073000,171886.0
2025-10-20,10,October,Monday,145448,28484793000,195842.0
2025-10-21,10,October,Tuesday,142083,28562858000,201029.0
2025-10-22,10,October,Wednesday,138435,27956175000,201944.0
2025-10-23,10,October,Thursday,146604,29682572000,202468.0
2025-10-24,10,October,Friday,156465,31336953000,200281.0
2025-10-25,10,October,Saturday,137949,25149155000,182308.0
2025-10-26,10,October,Sunday,144198,25292296000,175400.0
2025-10-27,10,October,Monday,150575,28851466000,191609.0
2025-10-28,10,October,Tuesday,143046,28089270000,196365.0
2025-10-29,10,October,Wednesday,142806,28298668000,198162.0
2025-10-30,10,October,Thursday,145582,29430747000,202159.0
2025-10-31,10,October,Friday,164261,32243322000,196293.0
2025-11-01,11,November,Saturday,156442,27995367000,178950.0
2025-11-02,11,November,Sunday,162144,27609409000,170277.0
2025-11-03,11,November,Monday,163294,31172616000,190899.0
2025-11-04,11,November,Tuesday,157194,30792051000,195886.0
2025-11-05,11,November,Wednesday,151702,30486617000,200964.0
2025-11-06,11,November,Thursday,161143,33623947000,208659.0
2025-11-07,11,November,Friday,162624,32926553000,202470.0
2025-11-08,11,November,Saturday,145311,27416807000,188677.0
2025-11-09,11,November,Sunday,152991,29623765000,193631.0
2025-11-10,11,November,Monday,204864,38343744000,187167.0
2025-11-11,11,November,Tuesday,197457,38138240000,193147.0
2025-11-12,11,November,Wednesday,188317,38726516000,205645.0
2025-11-13,11,November,Thursday,194349,41050289000,211219.0
2025-11-14,11,November,Friday,186859,37219522000,199185.0
2025-11-15,11,November,Saturday,164668,30608442000,185880.0
2025-11-16,11,November,Sunday,168949,30001436000,177577.0
2025-11-17,11,November,Monday,172557,34191901000,198148.0
2025-11-18,11,November,Tuesday,163458,33520340000,205070.0
2025-11-19,11,November,Wednesday,168621,34620819000,205317.0
2025-11-20,11,November,Thursday,176273,36103226000,204814.0
2025-11-21,11,November,Friday,278743,58296365000,209140.0
2025-11-22,11,November,Saturday,180932,34009685000,187969.0
2025-11-23,11,November,Sunday,175097,31482051000,179798.0
2025-11-24,11,November,Monday,178010,35013910000,196696.0
2025-11-25,11,November,Tuesday,185118,38362626000,207233.0
2025-11-26,11,November,Wednesday,179561,36363494000,202513.0
2025-11-27,11,November,Thursday,177332,36702085000,206968.0
2025-11-28,11,November,Friday,190621,38319747000,201026.0
2025-11-29,11,November,Saturday,173903,32611405000,187526.0
2025-11-30,11,November,Sunday,183010,32808863000,179274.0
2025-12-01,12,December,Monday,215546,41800322000,193928.0
2025-12-02,12,December,Tuesday,204184,40791897000,199780.0
2025-12-03,12,December,Wednesday,194576,39555388000,203290.0
2025-12-04,12,December,Thursday,196755,40419996000,205433.0
2025-12-05,12,December,Friday,197962,40297241000,203560.0
2025-12-06,12,December,Saturday,179957,34496828000,191695.0
2025-12-07,12,December,Sunday,185645,34603292000,186395.0
2025-12-08,12,December,Monday,191883,39266425000,204637.0
2025-12-09,12,December,Tuesday,186261,38733738000,207954.0
2025-12-10,12,December,Wednesday,184107,38354144000,208325.0
2025-12-11,12,December,Thursday,176783,36411496000,205967.0
2025-12-12,12,December,Friday,207409,43448535000,209482.0
2025-12-13,12,December,Saturday,174362,34038464000,195217.0
2025-12-14,12,December,Sunday,181321,34328158001,189323.0
2025-12-15,12,December,Monday,195085,39375102000,201836.0
2025-12-16,12,December,Tuesday,191852,40012835000,208561.0
2025-12-17,12,December,Wednesday,197427,39792022000,201553.0
2025-12-18,12,December,Thursday,198014,41752883000,210858.0
2025-12-19,12,December,Friday,204604,41795196000,204274.0
2025-12-20,12,December,Saturday,192069,36919257000,192219.0
2025-12-21,12,December,Sunday,191287,35036402538,183161.0
2025-12-22,12,December,Monday,197723,37071902871,187494.0
2025-12-23,12,December,Tuesday,195368,35467154860,181540.0
2025-12-24,12,December,Wednesday,203485,36363672664,178704.0
2025-12-25,12,December,Thursday,195278,35151043505,180005.0
2025-12-26,12,December,Friday,178024,31399477290,176378.0
2025-12-27,12,December,Saturday,165016,28170105206,170711.0
2025-12-28,12,December,Sunday,168181,27946655246,166170.0
2025-12-29,12,December,Monday,171032,29776202178,174097.0
2025-12-30,12,December,Tuesday,172743,31124391029,180177.0
2025-12-31,12,December,Wednesday,165231,29408092003,177982.0
