departure_date,month_num,month_name,day_of_week,total_passengers,total_departure_revenue,avg_price
2025-01-01,1,January,Wednesday,43966,6035005000,137265.0
2025-01-02,1,January,Thursday,70698,11228452000,158823.0
2025-01-03,1,January,Friday,94270,16948456000,179786.0
2025-01-04,1,January,Saturday,101176,18259052000,180468.0
2025-01-05,1,January,Sunday,123677,24199241000,195665.0
2025-01-06,1,January,Monday,96743,18279930000,188954.0
2025-01-07,1,January,Tuesday,87241,15906947000,182333.0
2025-01-08,1,January,Wednesday,91489,16294370000,178102.0
2025-01-09,1,January,Thursday,93926,17034264000,181358.0
2025-01-10,1,January,Friday,119658,23145002000,193426.0
2025-01-11,1,January,Saturday,116784,19512673000,167083.0
2025-01-12,1,January,Sunday,146609,27098365000,184834.0
2025-01-13,1,January,Monday,106347,18904052000,177758.0
2025-01-14,1,January,Tuesday,94887,16939805000,178526.0
2025-01-15,1,January,Wednesday,100141,18360275000,183344.0
2025-01-16,1,January,Thursday,104200,19703215000,189090.0
2025-01-17,1,January,Friday,127813,25323871000,198132.0
2025-01-18,1,January,Saturday,121919,20751906000,170211.0
2025-01-19,1,January,Sunday,147170,27770630000,188698.0
2025-01-20,1,January,Monday,111826,19822982000,177266.0
2025-01-21,1,January,Tuesday,99359,17789571000,179043.0
2025-01-22,1,January,Wednesday,106108,19474374000,183534.0
2025-01-23,1,January,Thursday,125163,25775871000,205938.0
2025-01-24,1,January,Friday,154876,33901411000,218894.0
2025-01-25,1,January,Saturday,176981,36903910000,208519.0
2025-01-26,1,January,Sunday,184712,38329315000,207509.0
2025-01-27,1,January,Monday,184941,36554554000,197655.0
2025-01-28,1,January,Tuesday,171964,33493927000,194773.0
2025-01-29,1,January,Wednesday,186777,37712670000,201913.0
2025-01-30,1,January,Thursday,145723,28585589000,196164.0
2025-01-31,1,January,Friday,140802,27239712000,193461.0
2025-02-01,2,February,Saturday,151024,27947907000,185056.0
2025-02-02,2,February,Sunday,183288,37089816000,202358.0
2025-02-03,2,February,Monday,133391,24014942000,180034.0
2025-02-04,2,February,Tuesday,114072,19927751000,174694.0
2025-02-05,2,February,Wednesday,119741,21774182000,181844.0
2025-02-06,2,February,Thursday,131388,25224676000,191986.0
2025-02-07,2,February,Friday,162498,33474709000,206001.0
2025-02-08,2,February,Saturday,157831,27839179000,176386.0
2025-02-09,2,February,Sunday,195153,38845887000,199053.0
2025-02-10,2,February,Monday,137929,24660131000,178789.0
2025-02-11,2,February,Tuesday,115082,19939746000,173266.0
2025-02-12,2,February,Wednesday,118071,20891850000,176943.0
2025-02-13,2,February,Thursday,129823,24458697000,188400.0
2025-02-14,2,February,Friday,164113,33687564000,205271.0
2025-02-15,2,February,Saturday,155581,27016341000,173648.0
2025-02-16,2,February,Sunday,192305,37870501000,196929.0
2025-02-17,2,February,Monday,137476,25106954000,182628.0
2025-02-18,2,February,Tuesday,116695,20417055000,174961.0
2025-02-19,2,February,Wednesday,120314,21855850000,181657.0
2025-02-20,2,February,Thursday,135805,26186495000,192824.0
2025-02-21,2,February,Friday,168128,34752465000,206702.0
2025-02-22,2,February,Saturday,161645,27390993000,169452.0
2025-02-23,2,February,Sunday,194959,37791856000,193845.0
2025-02-24,2,February,Monday,144470,25139394000,174011.0
2025-02-25,2,February,Tuesday,128258,21894303000,170705.0
2025-02-26,2,February,Wednesday,147744,25315582000,171348.0
2025-02-27,2,February,Thursday,168724,28538505000,169143.0
2025-02-28,2,February,Friday,179491,32449561000,180787.0
2025-03-01,3,March,Saturday,106460,16532069000,155289.0
2025-03-02,3,March,Sunday,155846,27591888000,177046.0
2025-03-03,3,March,Monday,111201,16824305000,151296.0
2025-03-04,3,March,Tuesday,91991,14074603000,153000.0
2025-03-05,3,March,Wednesday,93061,13996874000,150405.0
2025-03-06,3,March,Thursday,50221,8123085000,161747.0
2025-03-07,3,March,Friday,88878,14705531000,165457.0
2025-03-08,3,March,Saturday,85707,11294812000,131784.0
2025-03-09,3,March,Sunday,121235,19095260000,157506.0
2025-03-10,3,March,Monday,86555,12001819000,138661.0
2025-03-11,3,March,Tuesday,69332,9877573000,142468.0
2025-03-12,3,March,Wednesday,71408,10548961000,147728.0
2025-03-13,3,March,Thursday,80354,12117990000,150808.0
2025-03-14,3,March,Friday,117468,19364767000,164851.0
2025-03-15,3,March,Saturday,108898,14696489000,134956.0
2025-03-16,3,March,Sunday,137478,21622465000,157279.0
2025-03-17,3,March,Monday,104928,14819913000,141239.0
2025-03-18,3,March,Tuesday,79920,12833784000,160583.0
2025-03-19,3,March,Wednesday,90861,15277573000,168142.0
2025-03-20,3,March,Thursday,121439,22046229000,181542.0
2025-03-21,3,March,Friday,177673,35046026000,197250.0
2025-03-22,3,March,Saturday,182121,35802688000,196587.0
2025-03-23,3,March,Sunday,192782,37083398000,192359.0
2025-03-24,3,March,Monday,170495,34144519000,200267.0
2025-03-25,3,March,Tuesday,173121,39858839000,230237.0
2025-03-26,3,March,Wednesday,195307,45271131456,231795.0
2025-03-27,3,March,Thursday,225500,53411753453,236859.0
2025-03-28,3,March,Friday,240420,56520927581,235092.0
2025-03-29,3,March,Saturday,233168,53452416626,229244.0
2025-03-30,3,March,Sunday,201519,46734866000,231913.0
2025-03-31,3,March,Monday,200869,43824910000,218177.0
2025-04-01,4,April,Tuesday,266464,52692813000,197748.0
2025-04-02,4,April,Wednesday,291575,60372095000,207055.0
2025-04-03,4,April,Thursday,288980,61035761000,211211.0
2025-04-04,4,April,Friday,280998,60282294563,214529.0
2025-04-05,4,April,Saturday,277871,60393421651,217343.0
2025-04-06,4,April,Sunday,284888,64034434694,224771.0
2025-04-07,4,April,Monday,279762,62544666657,223564.0
2025-04-08,4,April,Tuesday,242169,52375961000,216279.0
2025-04-09,4,April,Wednesday,207326,45669488000,220279.0
2025-04-10,4,April,Thursday,193020,40468398000,209659.0
2025-04-11,4,April,Friday,207848,41548569000,199899.0
2025-04-12,4,April,Saturday,198776,38036091000,191352.0
2025-04-13,4,April,Sunday,215851,43856391000,203179.0
2025-04-14,4,April,Monday,159834,29315826000,183414.0
2025-04-15,4,April,Tuesday,135966,24335946000,178986.0
2025-04-16,4,April,Wednesday,141853,25963818000,183033.0
2025-04-17,4,April,Thursday,199995,39978293000,199896.0
2025-04-18,4,April,Friday,183292,32677641000,178282.0
2025-04-19,4,April,Saturday,165219,27178011000,164497.0
2025-04-20,4,April,Sunday,219351,44329749000,202095.0
2025-04-21,4,April,Monday,156484,28803821000,184069.0
2025-04-22,4,April,Tuesday,122485,20869081000,170381.0
2025-04-23,4,April,Wednesday,125445,21548570000,171777.0
2025-04-24,4,April,Thursday,137171,24970538000,182039.0
2025-04-25,4,April,Friday,164383,31692623000,192797.0
2025-04-26,4,April,Saturday,156414,25268111000,161546.0
2025-04-27,4,April,Sunday,190672,34714441000,182064.0
2025-04-28,4,April,Monday,140262,23338897000,166395.0
2025-04-29,4,April,Tuesday,120381,19272884000,160099.0
2025-04-30,4,April,Wednesday,157442,29115808000,184930.0
2025-05-01,5,May,Thursday,155014,26704137000,172269.0
2025-05-02,5,May,Friday,150159,25999992000,173150.0
2025-05-03,5,May,Saturday,153214,24636745000,160800.0
2025-05-04,5,May,Sunday,200411,38951202000,194357.0
2025-05-05,5,May,Monday,139836,23677460000,169323.0
2025-05-06,5,May,Tuesday,118298,19222177000,162489.0
2025-05-07,5,May,Wednesday,123121,20773636000,168725.0
2025-05-08,5,May,Thursday,143660,27150790000,188993.0
2025-05-09,5,May,Friday,208811,46023434000,220407.0
2025-05-10,5,May,Saturday,226567,44356973000,195779.0
2025-05-11,5,May,Sunday,194747,33067455000,169797.0
2025-05-12,5,May,Monday,224796,44108906000,196217.0
2025-05-13,5,May,Tuesday,225665,45844856000,203154.0
2025-05-14,5,May,Wednesday,144025,24943583000,173189.0
2025-05-15,5,May,Thursday,126632,21093528000,166573.0
2025-05-16,5,May,Friday,141605,26545148000,187459.0
2025-05-17,5,May,Saturday,134890,21016396000,155804.0
2025-05-18,5,May,Sunday,169255,30697134000,181366.0
2025-05-19,5,May,Monday,123170,20052234000,162801.0
2025-05-20,5,May,Tuesday,107022,17681033000,165209.0
2025-05-21,5,May,Wednesday,110822,18855603000,170143.0
2025-05-22,5,May,Thursday,116829,20472724000,175237.0
2025-05-23,5,May,Friday,146721,29050519000,197998.0
2025-05-24,5,May,Saturday,138973,22628723000,162828.0
2025-05-25,5,May,Sunday,168123,30942754000,184048.0
2025-05-26,5,May,Monday,128175,22148119000,172796.0
2025-05-27,5,May,Tuesday,120246,20928735000,174049.0
2025-05-28,5,May,Wednesday,184724,39154625000,211963.0
2025-05-29,5,May,Thursday,183578,35821354000,195129.0
2025-05-30,5,May,Friday,140216,23577863000,168154.0
2025-05-31,5,May,Saturday,167476,31078065000,185567.0
2025-06-01,6,June,Sunday,213223,44607651000,209207.0
2025-06-02,6,June,Monday,138753,24667601000,177781.0
2025-06-03,6,June,Tuesday,122691,21308297000,173674.0
2025-06-04,6,June,Wednesday,165040,32182072000,194996.0
2025-06-05,6,June,Thursday,237238,50078058000,211088.0
2025-06-06,6,June,Friday,166577,30865699000,185294.0
2025-06-07,6,June,Saturday,162755,23977397000,147322.0
2025-06-08,6,June,Sunday,232200,44397824000,191205.0
2025-06-09,6,June,Monday,242385,48652013000,200722.0
2025-06-10,6,June,Tuesday,174717,29696579000,169970.0
2025-06-11,6,June,Wednesday,151608,24523417000,161755.0
2025-06-12,6,June,Thursday,150275,24800854000,165036.0
2025-06-13,6,June,Friday,176811,32571538000,184217.0
2025-06-14,6,June,Saturday,167112,26607802000,159221.0
2025-06-15,6,June,Sunday,207064,36579843000,176660.0
2025-06-16,6,June,Monday,168894,26785010000,158591.0
2025-06-17,6,June,Tuesday,151561,23436349000,154633.0
2025-06-18,6,June,Wednesday,155018,25121498000,162055.0
2025-06-19,6,June,Thursday,169035,29719529000,175819.0
2025-06-20,6,June,Friday,199725,39569726000,198121.0
2025-06-21,6,June,Saturday,196746,35853619000,182233.0
2025-06-22,6,June,Sunday,227174,42380104000,186553.0
2025-06-23,6,June,Monday,198117,34511940000,174200.0
2025-06-24,6,June,Tuesday,186413,32858581000,176268.0
2025-06-25,6,June,Wednesday,199934,36730763000,183714.0
2025-06-26,6,June,Thursday,238763,49709449000,208196.0
2025-06-27,6,June,Friday,235415,46311238000,196722.0
2025-06-28,6,June,Saturday,225925,41030903000,181613.0
2025-06-29,6,June,Sunday,259872,52562856000,202264.0
2025-06-30,6,June,Monday,221687,41640235000,187833.0
2025-07-01,7,July,Tuesday,206191,35735041000,173310.0
2025-07-02,7,July,Wednesday,208015,35695075000,171599.0
2025-07-03,7,July,Thursday,217106,38547819000,177553.0
2025-07-04,7,July,Friday,234006,44988482000,192254.0
2025-07-05,7,July,Saturday,232297,42707359000,183848.0
2025-07-06,7,July,Sunday,253731,47123721000,185723.0
2025-07-07,7,July,Monday,222228,37333598000,167997.0
2025-07-08,7,July,Tuesday,207740,34703713000,167054.0
2025-07-09,7,July,Wednesday,205326,34302865000,167065.0
2025-07-10,7,July,Thursday,213667,36502635000,170839.0
2025-07-11,7,July,Friday,227190,41786648000,183928.0
2025-07-12,7,July,Saturday,216003,37290620000,172639.0
2025-07-13,7,July,Sunday,237646,42373109000,178303.0
2025-07-14,7,July,Monday,165493,26913295000,162625.0
2025-07-15,7,July,Tuesday,135830,22041811000,162275.0
2025-07-16,7,July,Wednesday,133366,22431689000,168196.0
2025-07-17,7,July,Thursday,140754,24370133000,173140.0
2025-07-18,7,July,Friday,177380,33329703000,187900.0
2025-07-19,7,July,Saturday,163428,25932603000,158679.0
2025-07-20,7,July,Sunday,207548,36784078000,177232.0
2025-07-21,7,July,Monday,148011,24151584000,163174.0
2025-07-22,7,July,Tuesday,122536,20416553000,166617.0
2025-07-23,7,July,Wednesday,124206,21492935000,173043.0
2025-07-24,7,July,Thursday,140049,25368105000,181137.0
2025-07-25,7,July,Friday,185717,36095898000,194360.0
2025-07-26,7,July,Saturday,173189,28644692000,165396.0
2025-07-27,7,July,Sunday,216690,39119410000,180532.0
2025-07-28,7,July,Monday,159325,26872975000,168668.0
2025-07-29,7,July,Tuesday,131659,21369577000,162310.0
2025-07-30,7,July,Wednesday,133733,22566585000,168744.0
2025-07-31,7,July,Thursday,156640,27886950000,178032.0
2025-08-01,8,August,Friday,170548,36291795000,212795.0
2025-08-02,8,August,Saturday,165244,30495725000,184550.0
2025-08-03,8,August,Sunday,206095,41779088000,202718.0
2025-08-04,8,August,Monday,147407,27464448000,186317.0
2025-08-05,8,August,Tuesday,123676,22961745000,185660.0
2025-08-06,8,August,Wednesday,127476,24476807000,192011.0
2025-08-07,8,August,Thursday,138914,27790588000,200056.0
2025-08-08,8,August,Friday,177408,37982779000,214098.0
2025-08-09,8,August,Saturday,166651,30161300000,180985.0
2025-08-10,8,August,Sunday,203942,41347760000,202743.0
2025-08-11,8,August,Monday,147943,28108713000,189997.0
2025-08-12,8,August,Tuesday,122895,22679537000,184544.0
2025-08-13,8,August,Wednesday,122870,22956019000,186832.0
2025-08-14,8,August,Thursday,133699,26259188000,196405.0
2025-08-15,8,August,Friday,177748,37277658000,209722.0
2025-08-16,8,August,Saturday,165123,29086036000,176148.0
2025-08-17,8,August,Sunday,182385,30663349000,168124.0
2025-08-18,8,August,Monday,199909,39356288000,196871.0
2025-08-19,8,August,Tuesday,131425,23537811000,179097.0
2025-08-20,8,August,Wednesday,124889,23595793000,188934.0
2025-08-21,8,August,Thursday,130416,25419576000,194911.0
2025-08-22,8,August,Friday,165448,33998279000,205492.0
2025-08-23,8,August,Saturday,155186,27172240000,175095.0
2025-08-24,8,August,Sunday,190185,38077917000,200215.0
2025-08-25,8,August,Monday,121464,22273699000,183377.0
2025-08-26,8,August,Tuesday,98228,17219701000,175303.0
2025-08-27,8,August,Wednesday,113827,20791430000,182658.0
2025-08-28,8,August,Thursday,167931,30760943000,183176.0
2025-08-29,8,August,Friday,144070,31238797000,216831.0
2025-08-30,8,August,Saturday,135603,22620664000,166815.0
2025-08-31,8,August,Sunday,184446,36000616000,195182.0
2025-09-01,9,September,Monday,134266,23189535000,172713.0
2025-09-02,9,September,Tuesday,117416,19780417000,168464.0
2025-09-03,9,September,Wednesday,113253,22744552000,200830.0
2025-09-04,9,September,Thursday,189466,41859828000,220936.0
2025-09-05,9,September,Friday,190428,36544066000,191905.0
2025-09-06,9,September,Saturday,179225,31713984000,176951.0
2025-09-07,9,September,Sunday,240520,51448277000,213904.0
2025-09-08,9,September,Monday,167889,33117610000,197259.0
2025-09-09,9,September,Tuesday,126108,22413533000,177733.0
2025-09-10,9,September,Wednesday,118168,21186902000,179295.0
2025-09-11,9,September,Thursday,126123,23440979000,185858.0
2025-09-12,9,September,Friday,160180,31749258000,198210.0
2025-09-13,9,September,Saturday,150785,24598963000,163139.0
2025-09-14,9,September,Sunday,189913,36167799000,190444.0
2025-09-15,9,September,Monday,132357,23465891000,177292.0
2025-09-16,9,September,Tuesday,109005,18819265000,172646.0
2025-09-17,9,September,Wednesday,112808,20264777000,179640.0
2025-09-18,9,September,Thursday,124112,23955670000,193017.0
2025-09-19,9,September,Friday,165674,33716259000,203510.0
2025-09-20,9,September,Saturday,150741,24837160000,164767.0
2025-09-21,9,September,Sunday,190645,36749039000,192762.0
2025-09-22,9,September,Monday,132712,23306492000,175617.0
2025-09-23,9,September,Tuesday,112128,19859146000,177111.0
2025-09-24,9,September,Wednesday,116236,21139524000,181867.0
2025-09-25,9,September,Thursday,130740,25191804000,192686.0
2025-09-26,9,September,Friday,176946,37006487000,209140.0
2025-09-27,9,September,Saturday,162158,27203517000,167759.0
2025-09-28,9,September,Sunday,202083,39551144000,195717.0
2025-09-29,9,September,Monday,145614,25726421000,176675.0
2025-09-30,9,September,Tuesday,121593,21165612000,174069.0
2025-10-01,10,October,Wednesday,116611,21451250000,183956.0
2025-10-02,10,October,Thursday,133593,26112446000,195463.0
2025-10-03,10,October,Friday,179614,36434977000,202852.0
2025-10-04,10,October,Saturday,167006,27947922000,167347.0
2025-10-05,10,October,Sunday,210975,40935929000,194032.0
2025-10-06,10,October,Monday,149347,27459173000,183862.0
2025-10-07,10,October,Tuesday,120777,21893791000,181275.0
2025-10-08,10,October,Wednesday,122831,22635172000,184279.0
2025-10-09,10,October,Thursday,139184,27524596000,197757.0
2025-10-10,10,October,Friday,182741,38184805000,208956.0
2025-10-11,10,October,Saturday,169444,29643727000,174947.0
2025-10-12,10,October,Sunday,213258,41881202000,196387.0
2025-10-13,10,October,Monday,148640,28301715000,190404.0
2025-10-14,10,October,Tuesday,122718,23058115000,187895.0
2025-10-15,10,October,Wednesday,124705,23618374000,189394.0
2025-10-16,10,October,Thursday,137957,27041978000,196017.0
2025-10-17,10,October,Friday,180933,38162011000,210918.0
2025-10-18,10,October,Saturday,160830,27463419000,170761.0
2025-10-19,10,October,Sunday,206373,41440742000,200805.0
2025-10-20,10,October,Monday,143251,26543574000,185294.0
2025-10-21,10,October,Tuesday,115374,20962521000,181692.0
2025-10-22,10,October,Wednesday,119348,22772729000,190809.0
2025-10-23,10,October,Thursday,135179,26880772000,198853.0
2025-10-24,10,October,Friday,179427,38244274000,213147.0
2025-10-25,10,October,Saturday,161091,28334444000,175891.0
2025-10-26,10,October,Sunday,205216,41814869000,203760.0
2025-10-27,10,October,Monday,144167,27189985000,188601.0
2025-10-28,10,October,Tuesday,116604,21070308000,180700.0
2025-10-29,10,October,Wednesday,116113,21750502000,187322.0
2025-10-30,10,October,Thursday,129776,25491567000,196427.0
2025-10-31,10,October,Friday,179610,38602600000,214925.0
2025-11-01,11,November,Saturday,165286,28711811000,173710.0
2025-11-02,11,November,Sunday,208931,41276800000,197562.0
2025-11-03,11,November,Monday,146974,26817376000,182463.0
2025-11-04,11,November,Tuesday,118505,21171479000,178655.0
2025-11-05,11,November,Wednesday,124311,23023987000,185213.0
2025-11-06,11,November,Thursday,141619,27084874000,191252.0
2025-11-07,11,November,Friday,182783,37887766000,207283.0
2025-11-08,11,November,Saturday,168196,28765124000,171021.0
2025-11-09,11,November,Sunday,208699,40911556000,196031.0
2025-11-10,11,November,Monday,148857,27448011000,184392.0
2025-11-11,11,November,Tuesday,121182,21870757000,180479.0
2025-11-12,11,November,Wednesday,126472,23715622000,187517.0
2025-11-13,11,November,Thursday,141372,27960677000,197781.0
2025-11-14,11,November,Friday,181445,38829314000,214000.0
2025-11-15,11,November,Saturday,163224,28258532000,173127.0
2025-11-16,11,November,Sunday,204567,41308563000,201932.0
2025-11-17,11,November,Monday,143604,26758512000,186335.0
2025-11-18,11,November,Tuesday,115884,21038229000,181546.0
2025-11-19,11,November,Wednesday,119432,22596202000,189197.0
2025-11-20,11,November,Thursday,135541,26678401000,196829.0
2025-11-21,11,November,Friday,173139,36414923000,210322.0
2025-11-22,11,November,Saturday,158358,27579476000,174159.0
2025-11-23,11,November,Sunday,198702,40143164000,202027.0
2025-11-24,11,November,Monday,138921,25407620000,182893.0
2025-11-25,11,November,Tuesday,117575,21696726000,184535.0
2025-11-26,11,November,Wednesday,123364,23749555000,192516.0
2025-11-27,11,November,Thursday,141063,27862351000,197517.0
2025-11-28,11,November,Friday,177663,37814291000,212843.0
2025-11-29,11,November,Saturday,164130,29356885000,178864.0
2025-11-30,11,November,Sunday,201232,40397549000,200751.0
2025-12-01,12,December,Monday,141800,25708140000,181299.0
2025-12-02,12,December,Tuesday,115358,20673554000,179212.0
2025-12-03,12,December,Wednesday,122027,22657788000,185678.0
2025-12-04,12,December,Thursday,132068,25289944000,191492.0
2025-12-05,12,December,Friday,178396,37445868000,209903.0
2025-12-06,12,December,Saturday,164306,28499077000,173451.0
2025-12-07,12,December,Sunday,203409,40663382000,199909.0
2025-12-08,12,December,Monday,147807,27250765000,184367.0
2025-12-09,12,December,Tuesday,125668,22694793000,180593.0
2025-12-10,12,December,Wednesday,130385,25210516000,193354.0
2025-12-11,12,December,Thursday,140216,27229200000,194195.0
2025-12-12,12,December,Friday,180601,38441064000,212851.0
2025-12-13,12,December,Saturday,173318,31688667000,182835.0
2025-12-14,12,December,Sunday,203280,41048892000,201933.0
2025-12-15,12,December,Monday,157758,29658207000,187998.0
2025-12-16,12,December,Tuesday,138316,25549380000,184717.0
2025-12-17,12,December,Wednesday,156887,31019413000,197718.0
2025-12-18,12,December,Thursday,157611,34429326000,218445.0
2025-12-19,12,December,Friday,207303,50304117000,242660.0
2025-12-20,12,December,Saturday,215410,48486118000,225088.0
2025-12-21,12,December,Sunday,231451,53347638000,230492.0
2025-12-22,12,December,Monday,236949,45235944000,190910.0
2025-12-23,12,December,Tuesday,245772,49565789508,201674.0
2025-12-24,12,December,Wednesday,274917,58341039484,212213.0
2025-12-25,12,December,Thursday,261018,52175094485,199891.0
2025-12-26,12,December,Friday,247413,47113296367,190424.0
2025-12-27,12,December,Saturday,256581,51075469310,199062.0
2025-12-28,12,December,Sunday,291253,60446087537,207538.0
2025-12-29,12,December,Monday,252696,46479692464,183935.0
2025-12-30,12,December,Tuesday,247729,43284454650,174725.0
2025-12-31,12,December,Wednesday,243173,40637793000,167115.0
