train_name,relasi,class,tier,km,occupancy_pct,revenue,daily_revenue
TAKSAKA,GMR-YK,EKS,JAUH,512.0,80.5,180754188000.0,169881756.0
TAKSAKA,YK-GMR,EKS,JAUH,512.0,78.2,172731416000.0,162341556.0
SEMBRANI,SBI-GMR,EKS,JAUH,720.0,72.7,120090983000.0,165414577.0
MANAHAN,GMR-SLO,EKS,JAUH,571.0,88.3,118506113000.0,165050297.0
SEMBRANI,GMR-SBI,EKS,JAUH,720.0,71.2,115032754000.0,158447320.0
MANAHAN,SLO-GMR,EKS,JAUH,571.0,70.5,94979553000.0,132283500.0
ARGO MERBABU,GMR-SMT,EKS,SEDANG,440.0,55.8,94762305000.0,91823939.0
ARGO MERBABU,SMT-GMR,EKS,SEDANG,440.0,54.3,93554911000.0,90653984.0
SAWUNGGALIH,PSE-KTA,EKO,SEDANG,447.0,81.7,92452303000.0,86973004.0
JAYAKARTA,PSE-SGU,EKO,JAUH,820.0,92.8,91679432000.0,251176526.0
ARGO SEMERU,GMR-SGU,EKS,JAUH,821.0,109.3,91678901000.0,251175071.0
PANDALUNGAN,JR-SBI-GMR,EKS,JAUH,919.0,150.9,91665477000.0,251138293.0
ARGO SEMERU,SGU-GMR,EKS,JAUH,821.0,103.7,90557266000.0,248102099.0
SAWUNGGALIH,KTA-PSE,EKO,SEDANG,447.0,80.0,89293053000.0,84000991.0
PANDALUNGAN,GMR-SBI-JR,EKS,JAUH,919.0,128.9,87433940000.0,239545041.0
KERTAJAYA,SBI-PSE,EKO,JAUH,719.0,84.6,86837983000.0,237912282.0
BIMA,SGU-GMR,EKS,JAUH,821.0,95.9,84026761000.0,230210304.0
ARGO SINDORO,SMT-GMR,EKS,SEDANG,440.0,64.9,83763763000.0,114902281.0
JAYAKARTA,SGU-PSE,EKO,JAUH,820.0,93.2,83741975000.0,229430068.0
KERTAJAYA,PSE-SBI,EKO,JAUH,719.0,84.2,78942328000.0,216280351.0
MAJAPAHIT,ML-PSE,EKO,JAUH,880.0,133.6,78741302000.0,215729595.0
MAJAPAHIT,PSE-ML,EKO,JAUH,880.0,129.8,77858515000.0,213311000.0
GAJAYANA,GMR-ML,EKS,JAUH,905.0,95.9,77858374000.0,213310614.0
ARGO MURIA,GMR-SMT,EKS,SEDANG,440.0,57.9,77481531000.0,102083704.0
BIMA,GMR-SGU,EKS,JAUH,821.0,84.7,73699712000.0,201917019.0
MALABAR,BD-ML,EKS,JAUH,780.0,129.3,73070029000.0,104535092.0
MALABAR,BD-ML,EKO,JAUH,780.0,161.1,69147301000.0,98923177.0
GAJAYANA,ML-GMR,EKS,JAUH,905.0,115.2,69027273000.0,189115816.0
MATARMAJA,ML-PSE,EKO,JAUH,880.0,106.7,68805531000.0,188508304.0
ARGO BROMO ANGGREK PAGI,GMR-SBI,EKS,JAUH,720.0,75.1,68545536000.0,189352309.0
SANCAKA,YK-SGU,EKO,SEDANG,309.0,70.8,67943897000.0,51085637.0
MATARMAJA,PSE-ML,EKO,JAUH,880.0,103.8,67600555000.0,185207000.0
ARGO DWIPANGGA,GMR-SLO,EKS,JAUH,571.0,102.1,66344990000.0,181767096.0
ARGO WILIS,BD-SGU,EKS,JAUH,696.0,107.1,66031197000.0,169310762.0
BRAWIJAYA,ML-GMR,EKS,JAUH,881.0,82.8,65508834000.0,179476258.0
MALABAR,ML-BD,EKO,JAUH,780.0,153.5,64539542000.0,92331247.0
ARGO BROMO ANGGREK PAGI,SBI-GMR,EKS,JAUH,720.0,70.0,63659369000.0,175854610.0
MALABAR,ML-BD,EKS,JAUH,780.0,107.6,63538162000.0,90898658.0
SANCAKA,YK-SGU,EKS,SEDANG,309.0,89.0,63120256000.0,47458839.0
SANCAKA,SGU-YK,EKO,SEDANG,309.0,65.9,63086474000.0,47433439.0
BRAWIJAYA,GMR-ML,EKS,JAUH,881.0,81.3,61900686000.0,169590921.0
ARGO LAWU,SLO-GMR,EKS,JAUH,571.0,91.2,60306176000.0,165222400.0
ARGO WILIS,SGU-BD,EKS,JAUH,696.0,95.6,59994855000.0,155025465.0
BLAMBANGAN EKSPRES,PSE-SMT-SBI-KTG,EKS,JAUH,1030.0,157.9,59728916000.0,163640866.0
LOGAWA,PWT-SGU-KTG,EKO,JAUH,782.0,142.4,58790354000.0,176019024.0
ARGO BROMO ANGGREK MALAM,SBI-GMR,EKS,JAUH,720.0,58.2,57942742000.0,159183357.0
PROGO,PSE-LPN,EKO,JAUH,512.0,107.9,57870465000.0,158549219.0
ARGO BROMO ANGGREK MALAM,GMR-SBI,EKS,JAUH,720.0,57.7,57594995000.0,157794507.0
BLAMBANGAN EKSPRES,KTG-SBI-SMT-PSE,EKS,JAUH,1030.0,160.9,57334816000.0,157081688.0
SANCAKA,SGU-YK,EKS,SEDANG,309.0,80.0,56984873000.0,42845769.0
PROGO,LPN-PSE,EKO,JAUH,512.0,107.9,55585487000.0,152289005.0
HARINA,SBI-CKP-BD,EKO,JAUH,731.0,100.5,54961455000.0,78628691.0
HARINA,BD-CKP-SBI,EKO,JAUH,731.0,98.2,54186436000.0,77519937.0
LOGAWA,KTG-SGU-PWT,EKO,JAUH,782.0,127.5,53211107000.0,159314692.0
MENOREH,SMT-PSE,EKO,SEDANG,439.0,87.1,52137277000.0,78166832.0
TURANGGA,SGU-BD,EKS,JAUH,696.0,96.9,52024475000.0,142532808.0
MATARAM,PSE-SLO,EKO,JAUH,570.0,86.6,50444474000.0,138204038.0
JAYABAYA,PSE-SBI-ML,EKO,JAUH,817.0,152.4,48926556000.0,134045359.0
PURWOJAYA,CP-KYA-GMR,EKS,SEDANG,406.0,61.4,48519023000.0,85571469.0
LODAYA,SLO-BD,EKO,SEDANG,447.0,108.5,47369453000.0,64889662.0
DHARMAWANGSA EKSPRES,PSE-SBI,EKO,JAUH,719.0,115.3,47296155000.0,129934492.0
SINGASARI,BL-PSE,EKO,JAUH,828.0,111.6,47270429000.0,129508025.0
LODAYA,BD-SLO,EKO,SEDANG,447.0,104.2,46902474000.0,64249964.0
ARGO SINDORO,GMR-SMT,EKS,SEDANG,440.0,75.8,46834180000.0,128312822.0
SINGASARI,PSE-BL,EKO,JAUH,828.0,108.0,46628284000.0,127748723.0
FAJAR UTAMA SOLO,PSE-SLO,EKO,JAUH,570.0,90.4,46576655000.0,127258620.0
TURANGGA,BD-SGU,EKS,JAUH,696.0,95.5,46527090000.0,127471479.0
JAYABAYA,ML-SBI-PSE,EKO,JAUH,817.0,167.8,45447575000.0,124513904.0
LODAYA,SLO-BD,EKS,SEDANG,447.0,92.7,45226623000.0,61954278.0
AIRLANGGA,SBI-PSE,EKO,JAUH,719.0,226.8,44919476000.0,123067058.0
AIRLANGGA,PSE-SBI,EKO,JAUH,719.0,225.4,44822617000.0,122801690.0
SRI TANJUNG,LPN-SB-KTG,EKO,JAUH,620.0,190.8,44583863000.0,122147570.0
JAKA TINGKIR,SLO-PSE,EKO,JAUH,570.0,77.6,44294868000.0,132619365.0
PASUNDAN,SGU-KAC,EKO,JAUH,691.0,97.2,43925038000.0,120342570.0
PASUNDAN,KAC-SGU,EKO,JAUH,691.0,96.9,43749791000.0,119862441.0
SRI TANJUNG,KTG-SB-LPN,EKO,JAUH,620.0,186.8,43673879000.0,119654463.0
PURWOJAYA,GMR-KYA-CP,EKS,SEDANG,406.0,55.0,43602436000.0,77036106.0
AMBARAWA EKSPRES,SMC-SBI,EKO,SEDANG,282.0,103.5,43550238000.0,59657860.0
AMBARAWA EKSPRES,SBI-SMC,EKO,SEDANG,282.0,104.7,42880224000.0,58820609.0
ARGO LAWU,GMR-SLO,EKS,JAUH,571.0,55.4,42840938000.0,117372433.0
SENJA UTAMA SOLO,SLO-PSE,EKO,JAUH,570.0,86.4,42744178000.0,117107337.0
HARINA,BD-CKP-SBI,EKS,JAUH,731.0,70.7,42599286000.0,60943185.0
PARAHYANGAN,BD-GMR,EKS,SEDANG,169.0,56.8,42595865000.0,25629281.0
HARINA,SBI-CKP-BD,EKS,JAUH,731.0,75.6,42335028000.0,60565133.0
SERAYU,PSE-KYA-PWT,EKO,SEDANG,442.0,143.7,42325106000.0,57979597.0
JAKA TINGKIR,PSE-SLO,EKO,JAUH,570.0,89.6,42314197000.0,126689213.0
BRANTAS,BL-PSE,EKO,JAUH,805.0,117.6,42301592000.0,115894773.0
DHARMAWANGSA EKSPRES,SBI-PSE,EKO,JAUH,719.0,98.4,42181298000.0,115882687.0
ARGO DWIPANGGA,SLO-GMR,EKS,JAUH,571.0,59.9,42039082000.0,115175567.0
SERAYU,PWT-KYA-PSE,EKO,SEDANG,442.0,143.0,41959858000.0,57479258.0
FAJAR UTAMA YK,PSE-YK,EKO,JAUH,511.0,98.3,41802296000.0,114526838.0
BANGUNKARTA,JG-PSE,EKO,JAUH,751.0,108.8,41604809000.0,113985778.0
JOGLOSEMARKERTO,SLO-SMT-TG-PWT-SLO-SMT,EKO,JAUH,686.0,253.1,41508669000.0,113722381.0
ARGO MURIA,SMT-GMR,EKS,SEDANG,440.0,60.8,41458771000.0,104693866.0
MATARAM,SLO-PSE,EKO,JAUH,570.0,80.4,41249936000.0,113013523.0
LODAYA,BD-SLO,EKS,SEDANG,447.0,81.2,41195531000.0,56432234.0
JOGLOSEMARKERTO,SLO-PWT-TG-SMT-SLO,EKO,JAUH,578.0,247.2,40657826000.0,111391304.0
SENJA UTAMA YK,YK-PSE,EKO,JAUH,511.0,104.5,40352244000.0,110554093.0
BANGUNKARTA,PSE-JG,EKO,JAUH,751.0,105.6,40327841000.0,110487236.0
GAYABARU MALAM SELATAN,PSE-SGU,EKO,JAUH,820.0,123.7,40079528000.0,109806926.0
TAKSAKA LUXURY,GMR-YK,EKS,JAUH,512.0,54.6,39764438000.0,37372592.0
JAYABAYA,PSE-SBI-ML,EKS,JAUH,817.0,148.1,39493839000.0,108202299.0
FAJAR UTAMA YK,YK-PSE,EKO,JAUH,511.0,93.8,39158859000.0,107284545.0
TAWANG JAYA,SMC-PSE,EKO,SEDANG,437.0,88.2,37581803000.0,102963844.0
RANGGAJATI,JR-SGU-CN,EKO,JAUH,800.0,178.6,37369297000.0,102381636.0
BRANTAS,PSE-BL,EKO,JAUH,805.0,98.2,37293763000.0,102174693.0
RANGGAJATI,CN-SGU-JR,EKO,JAUH,800.0,173.5,36904138000.0,101107227.0
PARAHYANGAN,GMR-BD,EKS,SEDANG,169.0,56.0,36687134000.0,22060814.0
MUTIARA SELATAN,SGU-BD,EKO,JAUH,696.0,128.6,36617029000.0,100320627.0
GAYABARU MALAM SELATAN,SGU-PSE,EKO,JAUH,820.0,112.5,36512216000.0,100033468.0
WIJAYA KUSUMA,CP-SGU-KTG,EKS,JAUH,788.0,144.8,36428705000.0,99804671.0
MADIUN JAYA,PSE-MN,EKO,JAUH,667.0,73.2,36416675000.0,109031961.0
WIJAYA KUSUMA,KTG-SGU-CP,EKS,JAUH,788.0,143.1,36403001000.0,99734249.0
GAJAHWONG,LPN-PSE,EKO,JAUH,512.0,86.9,36108580000.0,98927616.0
BLAMBANGAN EKSPRES,PSE-SMT-SBI-KTG,EKO,JAUH,1030.0,212.0,36062455000.0,98801247.0
MUTIARA SELATAN,BD-SGU,EKS,JAUH,696.0,116.1,35938609000.0,98461942.0
MUTIARA SELATAN,BD-SGU,EKO,JAUH,696.0,123.3,35764773000.0,97985679.0
BLAMBANGAN EKSPRES,KTG-SBI-SMT-PSE,EKO,JAUH,1030.0,205.9,35653908000.0,97681940.0
KAHURIPAN,KAC-BL,EKO,JAUH,700.0,165.0,35484591000.0,97218058.0
KAHURIPAN,BL-KAC,EKO,JAUH,700.0,163.9,35304032000.0,96723375.0
TAKSAKA LUXURY,YK-GMR,EKS,JAUH,512.0,48.2,35243408000.0,33248498.0
BOGOWONTO,LPN-PSE,EKO,JAUH,512.0,77.6,34932867000.0,95706485.0
JAYABAYA,ML-SBI-PSE,EKS,JAUH,817.0,156.6,34357694000.0,94130668.0
KAMANDAKA,SMT-TG-PWT,EKO,SEDANG,244.0,98.2,33274258000.0,45581175.0
ARGO ANJASMORO,SBI-GMR,EKS,JAUH,720.0,57.2,32965966000.0,136788241.0
MADIUN JAYA,MN-PSE,EKO,JAUH,667.0,73.4,32694793000.0,97888602.0
MALIOBORO EKSPRES,PWT-ML,EKO,JAUH,559.0,152.3,32468122000.0,88953759.0
BENGAWAN,PSE-PWS,EKO,JAUH,567.0,121.3,31228735000.0,85558178.0
GUMARANG,PSE-SBI,BIS,JAUH,719.0,91.4,30980695000.0,158064770.0
TAWANG JAYA,PSE-SMC,EKO,SEDANG,437.0,66.2,30839361000.0,84491400.0
SENJA UTAMA YK,PSE-YK,EKO,JAUH,511.0,68.8,30506287000.0,83578868.0
ARGO ANJASMORO,GMR-SBI,EKS,JAUH,720.0,50.7,30493610000.0,125488107.0
RANGGAJATI,CN-SGU-JR,EKS,JAUH,800.0,108.9,29964326000.0,82094044.0
TAWANGJAYA PREMIUM,SMT-PSE,EKO,SEDANG,439.0,93.2,29924729000.0,81985559.0
TAWANGJAYA PREMIUM,PSE-SMT,EKO,SEDANG,439.0,99.4,29922023000.0,89586895.0
GAJAHWONG,PSE-LPN,EKO,JAUH,512.0,76.4,29753436000.0,81516263.0
SINGASARI,BL-PSE,EKS,JAUH,828.0,87.8,29735682000.0,81467622.0
BENGAWAN,PWS-PSE,EKO,JAUH,567.0,114.8,29481916000.0,80772373.0
WIJAYA KUSUMA,KTG-SGU-CP,EKO,JAUH,788.0,223.3,29356788000.0,80429556.0
KERTANEGARA,ML-PWT,EKO,JAUH,559.0,138.6,29189898000.0,79972323.0
MUTIARA SELATAN,SGU-BD,EKS,JAUH,696.0,104.9,29185047000.0,79959033.0
WIJAYA KUSUMA,CP-SGU-KTG,EKO,JAUH,788.0,213.2,29140102000.0,79835896.0
BOGOWONTO,PSE-LPN,EKO,JAUH,512.0,63.4,28823160000.0,78967562.0
GAYABARU MALAM SELATAN,PSE-SGU,EKS,JAUH,820.0,97.6,28744510000.0,78752082.0
SINGASARI,PSE-BL,EKS,JAUH,828.0,86.3,28689519000.0,78601422.0
TAWANG JAYA PREMIUM,PSE-SMT,EKO,SEDANG,439.0,89.1,28167407000.0,77382986.0
MALIOBORO EKSPRES,PWT-ML,EKS,JAUH,559.0,136.1,27720397000.0,75946293.0
RANGGAJATI,JR-SGU-CN,EKS,JAUH,800.0,104.8,27673377000.0,75817471.0
MENOREH,PSE-SMT,EKO,SEDANG,439.0,94.2,27438270000.0,82150509.0
SRIBILAH UTAMA,RAP-MDN,BIS,SEDANG,268.0,64.1,26963918000.0,24010613.0
SRIBILAH UTAMA,MDN-RAP,BIS,SEDANG,268.0,63.7,26920511000.0,23993325.0
GUMARANG,SBI-PSE,BIS,JAUH,719.0,85.1,26853481000.0,137710159.0
BANGUNKARTA,PSE-JG,EKS,JAUH,751.0,90.8,26606475000.0,72894452.0
GAYABARU MALAM SELATAN,SGU-PSE,EKS,JAUH,820.0,89.2,26589078000.0,72846789.0
SAWUNGGALIH,KTA-PSE,EKS,SEDANG,447.0,72.8,25894011000.0,24359371.0
SAWUNGGALIH,PSE-KTA,EKS,SEDANG,447.0,71.8,25575563000.0,24059796.0
BANGUNKARTA,JG-PSE,EKS,JAUH,751.0,85.1,25286674000.0,69278559.0
KALIGUNG,SMC-TG,EKO,SEDANG,148.0,68.7,25050842000.0,26067473.0
GUMARANG,PSE-SBI,EKS,JAUH,719.0,53.9,24326591000.0,66648195.0
GUMARANG,SBI-PSE,EKS,JAUH,719.0,59.8,22969505000.0,62930151.0
SEMBRANI LUXURY,SBI-GMR,EKS,JAUH,720.0,54.6,22164427000.0,31754193.0
SEMBRANI LUXURY,GMR-SBI,EKS,JAUH,720.0,55.2,22011582000.0,31671341.0
KERTANEGARA,ML-PWT,EKS,JAUH,559.0,113.3,21680285000.0,59398041.0
DHARMAWANGSA EKSPRES,SBI-PSE,EKS,JAUH,719.0,82.4,21551281000.0,59206816.0
GUNUNGJATI,SMT-GMR,EKO,SEDANG,440.0,109.4,21528447000.0,64456428.0
GUNUNGJATI,GMR-SMT,EKO,SEDANG,440.0,107.5,21043558000.0,63193868.0
KERTANEGARA,PWT-ML,EKO,JAUH,559.0,99.8,21015082000.0,57575567.0
DHARMAWANGSA EKSPRES,PSE-SBI,EKS,JAUH,719.0,79.5,19240084000.0,52857374.0
PANGRANGO,SI-BOO,LOK EKO,DEKAT,57.0,89.3,18925537000.0,13243903.0
KA TAMBAHAN YK GMR,YK-GMR,EKS,JAUH,512.0,70.4,18576673000.0,113967319.0
ARGO DWIPANGGA LUXURY,GMR-SLO,EKS,JAUH,571.0,52.5,18352751000.0,50281510.0
PANGRANGO,BOO-SI,LOK EKO,DEKAT,57.0,86.3,18342859000.0,12836150.0
MENOREH,SMT-PSE,EKS,SEDANG,439.0,49.6,18336757000.0,27491390.0
SRIBILAH UTAMA,RAP-MDN,EKS,SEDANG,268.0,59.5,18273419000.0,16672828.0
MALIOBORO EKSPRES,ML-PWT,EKO,JAUH,559.0,79.7,18235070000.0,49959096.0
KA TAMBAHAN GMR YK,GMR-YK,EKS,JAUH,512.0,70.5,18227370000.0,112514630.0
SRIBILAH UTAMA,MDN-RAP,EKS,SEDANG,268.0,58.9,18127139000.0,16554465.0
BATAVIA,GMR-SLO,EKO,JAUH,571.0,98.3,17528857000.0,83470748.0
KAMANDAKA,CP-TG-SMT,EKO,SEDANG,305.0,176.6,17441928000.0,47786104.0
KALIGUNG,BB-SMC,EKO,SEDANG,160.0,62.0,17296447000.0,23693763.0
JOGLOSEMARKERTO,SLO-SMT-TG-PWT-SLO-SMT,EKS,JAUH,686.0,179.1,17112375000.0,46883219.0
GUMARANG,PSE-SBI,EKO,JAUH,719.0,81.3,17092580000.0,101139527.0
KAMANDAKA,PWT-TG-SMT,EKO,SEDANG,244.0,105.4,16949115000.0,46435932.0
ARGO LAWU LUXURY,SLO-GMR,EKS,JAUH,571.0,47.5,16820389000.0,46209860.0
SENJA UTAMA YK,YK-PSE,EKS,JAUH,511.0,120.5,16697521000.0,45746633.0
GUNUNGJATI,GMR-SMT,EKS,SEDANG,440.0,96.1,16650098000.0,50000294.0
BRANTAS,BL-PSE,EKS,JAUH,805.0,81.6,16523146000.0,45268893.0
CIREMAI,SMT-CKP-BD,EKO,JAUH,451.0,90.8,16449436000.0,45066948.0
PUTRI DELI,MDN-TNB,EKO,SEDANG,174.0,108.3,16387064000.0,14965355.0
GAJAYANA TAMBAHAN,GMR-ML,EKS,JAUH,905.0,123.4,16378802000.0,224367151.0
CIREMAI,BD-CKP-SMT,EKO,JAUH,451.0,92.2,16330544000.0,44741216.0
PANGANDARAN,GMR-BJR,EKO,SEDANG,325.0,112.8,16325710000.0,44727973.0
GAJAHWONG,LPN-PSE,EKS,JAUH,512.0,73.8,16221892000.0,44443540.0
BATAVIA,GMR-SLO,EKS,JAUH,571.0,82.8,16146320000.0,76887238.0
BATAVIA,SLO-GMR,EKO,JAUH,571.0,82.4,16034299000.0,76353805.0
CAKRABUANA,PWT-GMR,EKO,SEDANG,345.0,93.8,16021577000.0,48112844.0
PUTRI DELI,TNB-MDN,EKO,SEDANG,174.0,105.7,15967548000.0,14582236.0
MATARAM,PSE-SLO,EKS,JAUH,570.0,87.8,15859418000.0,43450460.0
FAJAR UTAMA SOLO,PSE-SLO,EKS,JAUH,570.0,112.1,15804936000.0,43301195.0
JOGLOSEMARKERTO,SLO-PWT-TG-SMT-SLO,EKS,JAUH,578.0,163.6,15797139000.0,43279833.0
SINDANG MARGA,KPT-LLG,EKS,SEDANG,305.0,101.7,15630033000.0,42822008.0
KUTOJAYA SELATAN,KTA-KAC,EKO,SEDANG,319.0,98.3,15483374000.0,42420203.0
FAJAR UTAMA YK,PSE-YK,EKS,JAUH,511.0,103.4,15352225000.0,42060890.0
TAWANGALUN,KTG-BG-MLK,EKO,SEDANG,314.0,137.2,15348043000.0,42049433.0
CAKRABUANA,GMR-PWT,EKO,SEDANG,345.0,91.3,15312931000.0,45847099.0
MUTIARA TIMUR,SBI-KTG,EKS,SEDANG,312.0,89.4,15209654000.0,41670285.0
TAWANGALUN,MLK-BG-KTG,EKO,SEDANG,314.0,135.5,15188654000.0,41612751.0
SINDANG MARGA,LLG-KPT,EKS,SEDANG,305.0,98.6,15129293000.0,41450118.0
FAJAR UTAMA YK,YK-PSE,EKS,JAUH,511.0,102.7,15081494000.0,41319162.0
SANCAKA UTARA,SBI-GBN-SLO-CP,EKO,JAUH,504.0,114.2,14987528000.0,50125512.0
JOGLOSEMARKERTO,PWT-TG-SMT-SLO,EKO,SEDANG,352.0,96.1,14961691000.0,40990934.0
BRANTAS,PSE-BL,EKS,JAUH,805.0,65.7,14855167000.0,40699088.0
KUTOJAYA SELATAN,KAC-KTA,EKO,SEDANG,319.0,92.6,14783360000.0,40502356.0
PARAHYANGAN,GMR-BD,EKO,SEDANG,169.0,85.3,14773576000.0,22116132.0
SENJA UTAMA SOLO,SLO-PSE,EKS,JAUH,570.0,108.7,14755559000.0,40426189.0
GUNUNGJATI,SMT-GMR,EKS,SEDANG,440.0,86.3,14584894000.0,43667347.0
PAPANDAYAN,GRT-GMR,EKO,SEDANG,247.0,133.3,14556376000.0,39880482.0
PANGANDARAN,BJR-GMR,EKO,SEDANG,325.0,94.6,14379034000.0,39394614.0
MATARAM,SLO-PSE,EKS,JAUH,570.0,93.6,14254769000.0,39054162.0
GUMARANG,SBI-PSE,EKO,JAUH,719.0,80.2,14152320000.0,83248941.0
MADIUN JAYA,MN-PSE,EKS,JAUH,667.0,100.3,13681352000.0,40962132.0
ARGO LAWU LUXURY,GMR-SLO,EKS,JAUH,571.0,38.8,13658344000.0,37730232.0
MUTIARA TIMUR,SBI-KTG,EKO,SEDANG,312.0,83.4,13560654000.0,37152477.0
MADIUN JAYA,PSE-MN,EKS,JAUH,667.0,84.4,13498831000.0,40415662.0
PROBOWANGI,SGU-KTG,EKO,SEDANG,306.0,179.9,13415283000.0,36754200.0
BATAVIA,SLO-GMR,EKS,JAUH,571.0,63.7,13387470000.0,63749857.0
PANGANDARAN,GMR-BJR,EKS,SEDANG,325.0,132.2,13366885000.0,36621603.0
KERTANEGARA,PWT-ML,EKS,JAUH,559.0,71.8,13321133000.0,36496255.0
MUTIARA TIMUR,KTG-SBI,EKO,SEDANG,312.0,75.4,13305614000.0,36453737.0
GAJAYANA TAMBAHAN,ML-GMR,EKS,JAUH,905.0,83.6,13298865000.0,177318200.0
ARGO DWIPANGGA LUXURY,SLO-GMR,EKS,JAUH,571.0,37.0,13221490000.0,36422837.0
KAMANDAKA,SMT-KYA-CP,EKO,SEDANG,305.0,141.5,13182986000.0,36117770.0
BOGOWONTO,LPN-PSE,EKS,JAUH,512.0,83.8,13139720000.0,35999233.0
ARGO SEMERU COMPARTMENT,GMR-SGU,EKS,JAUH,821.0,141.5,12968130000.0,35626731.0
GAJAHWONG,PSE-LPN,EKS,JAUH,512.0,63.6,12924653000.0,35410008.0
PROBOWANGI,KTG-SGU,EKO,SEDANG,306.0,171.2,12838035000.0,35172699.0
SANCAKA UTARA,CP-SLO-GBN-SBI,EKO,JAUH,504.0,91.8,12650354000.0,42308876.0
ARGO BROMO ANGGREK COMPARTMENT,GMR-SBI,EKS,JAUH,720.0,80.2,12312723000.0,29108092.0
TAWANGJAYA PREMIUM,PSE-SMT,EKS,SEDANG,439.0,64.1,12197295000.0,36518847.0
ARGO SEMERU COMPARTMENT,SGU-GMR,EKS,JAUH,821.0,132.5,12114730000.0,33282225.0
PAPANDAYAN,GMR-GRT,EKO,SEDANG,247.0,114.9,12093447000.0,33132732.0
ARGO BROMO ANGGREK COMPARTMENT,SBI-GMR,EKS,JAUH,720.0,78.1,11962675000.0,28213856.0
MUTIARA TIMUR,KTG-SBI,EKS,SEDANG,312.0,67.7,11949410000.0,32738110.0
MENOREH,PSE-SMT,EKS,SEDANG,439.0,68.7,11906279000.0,35647542.0
CIKURAY,GRT-PSE,EKO,SEDANG,245.0,153.2,11865109000.0,32507148.0
CIKURAY,PSE-GRT,EKO,SEDANG,245.0,146.6,11819191000.0,32381345.0
IJEN EKSPRES,ML-BG-KTG,EKO,SEDANG,312.0,94.0,11656755000.0,35005270.0
CAKRABUANA,PWT-GMR,EKS,SEDANG,345.0,79.9,11608321000.0,34859823.0
PANGANDARAN,BJR-GMR,EKS,SEDANG,325.0,116.4,11465684000.0,31412833.0
TAWANGJAYA PREMIUM,SMT-PSE,EKS,SEDANG,439.0,56.9,11090571000.0,30385126.0
IJEN EKSPRES,KTG-BG-ML,EKO,SEDANG,312.0,87.5,10875326000.0,32560856.0
SINDANG MARGA,KPT-LLG,BIS,SEDANG,305.0,109.5,10859260000.0,29751397.0
SENJA UTAMA YK,PSE-YK,EKS,JAUH,511.0,67.0,10789710000.0,29560849.0
SRIBILAH UTAMA,MDN-RAP,EKO,SEDANG,268.0,85.9,10736358000.0,14277072.0
TEGAL BAHARI,TG-PSE,BIS,SEDANG,289.0,74.3,10720849000.0,57950535.0
PAPANDAYAN,GRT-GMR,EKS,SEDANG,247.0,117.1,10714658000.0,29355227.0
BIMA COMPARTMENT,SGU-GMR,EKS,JAUH,821.0,106.7,10661170000.0,29208685.0
MALIOBORO EKSPRES,ML-PWT,EKS,JAUH,559.0,49.5,10590775000.0,29015822.0
CAKRABUANA,CN-GMR,EKO,SEDANG,214.0,72.0,10505415000.0,31453338.0
KALIGUNG,CNP-SMC,EKO,SEDANG,222.0,77.6,10503495000.0,28776699.0
SINDANG MARGA,LLG-KPT,BIS,SEDANG,305.0,103.4,10442224000.0,28608833.0
BOGOWONTO,PSE-LPN,EKS,JAUH,512.0,66.2,10393301000.0,28474797.0
PARAHYANGAN,BD-GMR,EKO,SEDANG,169.0,70.4,10350296000.0,15517685.0
ARGO ANGGREK LUXURY SLEEPER,GMR-SBI,EKS,JAUH,720.0,65.3,10161250000.0,31753906.0
SRIBILAH UTAMA,RAP-MDN,EKO,SEDANG,268.0,83.0,10049472000.0,13381454.0
KA TAMBAHAN PSE SLO,PSE-SLO,EKO,JAUH,570.0,84.2,9998832000.0,142840457.0
CIREMAI,BD-CKP-SMT,EKS,JAUH,451.0,58.6,9997892000.0,27391485.0
RAJABASA,TNK-KPT,EKO,SEDANG,388.0,155.8,9923410000.0,27187425.0
KAMANDAKA,SMT-TG-PWT,EKS,SEDANG,244.0,42.6,9902044000.0,13564444.0
RAJABASA,KPT-TNK,EKO,SEDANG,388.0,155.1,9890087000.0,27096129.0
GAJAYANA LUXURY,GMR-ML,EKS,JAUH,905.0,80.1,9872194000.0,31845787.0
CIREMAI,SMT-CKP-BD,EKS,JAUH,451.0,52.8,9828081000.0,26926249.0
CAKRABUANA,GMR-PWT,EKS,SEDANG,345.0,69.0,9814258000.0,29384006.0
ARGO ANGGREK LUXURY SLEEPER,SBI-GMR,EKS,JAUH,720.0,63.0,9806325000.0,30837500.0
BIMA COMPARTMENT,GMR-SGU,EKS,JAUH,821.0,102.7,9718580000.0,26626247.0
KA BIAS,MN-SMO,LOK EKO,DEKAT,110.0,109.4,9608212000.0,6872827.0
TEGAL BAHARI,PSE-TG,BIS,SEDANG,289.0,67.4,9490006000.0,51297330.0
GUNUNGJATI,CN-GMR,EKO,SEDANG,214.0,61.4,9033416000.0,27127375.0
KA BIAS,SMO-MN,LOK EKO,DEKAT,110.0,103.8,8854545000.0,6338257.0
GAJAYANA LUXURY,ML-GMR,EKS,JAUH,905.0,72.9,8761529000.0,28539182.0
CAKRABUANA,GMR-CN,EKO,SEDANG,214.0,59.5,8693094000.0,26105387.0
ARGO PARAHYANGAN,GMR-BD,EKS,SEDANG,169.0,83.2,8555528000.0,43650653.0
TAWANG JAYA PREMIUM,PSE-SMT,EKS,SEDANG,439.0,45.5,8518892000.0,23403549.0
PAPANDAYAN,GMR-GRT,EKS,SEDANG,247.0,90.0,8409943000.0,23040940.0
BANYUBIRU,SMT-SLO,LOK EKO,DEKAT,108.0,59.6,8358991000.0,11958499.0
KALIGUNG,TG-SMC,EKO,SEDANG,148.0,37.1,8335920000.0,13986443.0
BANYUBIRU,SLO-SMT,LOK EKO,DEKAT,108.0,65.1,8274437000.0,11837535.0
SANCAKA UTARA,SBI-GBN-SLO-CP,EKS,JAUH,504.0,59.8,8138918000.0,24368018.0
TEGAL BAHARI,TG-PSE,EKS,SEDANG,289.0,49.6,8076443000.0,22879442.0
CAKRABUANA,CN-GMR,EKS,SEDANG,214.0,65.5,7914252000.0,23695365.0
BUKIT SERELO,KPT-LLG,EKO,SEDANG,305.0,132.9,7799220000.0,21367726.0
BUKIT SERELO,LLG-KPT,EKO,SEDANG,305.0,133.3,7790848000.0,21344789.0
LODAYA TAMBAHAN,BD-SLO,EKO,SEDANG,447.0,95.4,7766097000.0,80896844.0
TEGAL BAHARI,TG-PSE,EKO,SEDANG,289.0,80.3,7547928000.0,44928143.0
KAMANDAKA,CP-TG-SMT,EKS,SEDANG,305.0,86.3,7474952000.0,20479321.0
KA TAMBAHAN SLO PSE,SLO-PSE,EKO,JAUH,570.0,60.5,7363567000.0,105193814.0
LODAYA TAMBAHAN,SLO-BD,EKO,SEDANG,447.0,88.6,7149737000.0,74476427.0
GUNUNGJATI,GMR-CN,EKO,SEDANG,214.0,46.4,7095295000.0,21243398.0
KALIGUNG,SMC-TG,EKS,SEDANG,148.0,63.4,7009495000.0,7293959.0
KALIGUNG,SMC-CNP,EKO,SEDANG,222.0,52.4,6930555000.0,18987822.0
IJEN EKSPRES,ML-BG-KTG,EKS,SEDANG,312.0,73.8,6639931000.0,19939733.0
KALIGUNG,SMC-BB,EKO,SEDANG,160.0,48.0,6609599000.0,18108490.0
TEGAL BAHARI,PSE-TG,EKO,SEDANG,289.0,71.8,6363238000.0,37876417.0
TEGAL BAHARI,PSE-TG,EKS,SEDANG,289.0,39.3,6359187000.0,18014694.0
PANGRANGO,SI-BOO,LOK EKS,DEKAT,57.0,63.9,6111343000.0,4276657.0
PANGRANGO,BOO-SI,LOK EKS,DEKAT,57.0,63.6,6095169000.0,4268326.0
SANCAKA UTARA,CP-SLO-GBN-SBI,EKS,JAUH,504.0,42.3,6045580000.0,18100539.0
CAKRABUANA,GMR-CN,EKS,SEDANG,214.0,50.0,6010906000.0,18050769.0
BLORA JAYA,SMC-CU,LOK EKO,DEKAT,141.0,60.4,5932379000.0,16758133.0
JOGLOSEMARKERTO,CP-YK,EKO,SEDANG,173.0,95.8,5730149000.0,15699038.0
SIANTAR EKSPRES,SIR-MDN,LOK EKO,DEKAT,129.0,105.1,5683378000.0,7785449.0
LODAYA TAMBAHAN,BD-SLO,EKS,SEDANG,447.0,84.5,5669689000.0,56696890.0
KUALA STABAS,BTA-TNK,EKO,SEDANG,216.0,156.7,5606364000.0,7679951.0
SEMBRANI TAMBAHAN,GMR-SBI,EKS,JAUH,720.0,63.1,5594959000.0,143460487.0
KA TAMBAHAN GMR YK,GMR-YK,EKO,JAUH,512.0,102.8,5536514000.0,87881175.0
KUALA STABAS,TNK-BTA,EKO,SEDANG,216.0,154.9,5534238000.0,7581148.0
ARJUNO EKSPRES,SGU-ML,LOK EKS,DEKAT,93.0,76.7,5508235000.0,18928643.0
ARGO PARAHYANGAN,BD-GMR,EKS,SEDANG,169.0,50.7,5443281000.0,30409391.0
GUNUNGJATI,CN-GMR,EKS,SEDANG,214.0,45.5,5343907000.0,16047769.0
SIANTAR EKSPRES,MDN-SIR,LOK EKO,DEKAT,129.0,98.2,5325540000.0,7295260.0
JOGLOSEMARKERTO,CP-YK,EKS,SEDANG,173.0,50.0,5283292000.0,14474773.0
SEMBRANI TAMBAHAN,SBI-GMR,EKS,JAUH,720.0,60.3,5258932000.0,138392947.0
BLORA JAYA,CU-SMC,LOK EKO,DEKAT,141.0,52.8,5118669000.0,14459517.0
IJEN EKSPRES,KTG-BG-ML,EKS,SEDANG,312.0,57.6,5024137000.0,15042326.0
MUTIARA TIMUR,KTG-SGU,EKS,SEDANG,306.0,70.2,4991333000.0,50417505.0
BRANTAS TAMBAHAN,BL-PSE,EKO,JAUH,805.0,144.6,4781706000.0,116626976.0
MUTIARA TIMUR,SGU-KTG,EKS,SEDANG,306.0,62.6,4769778000.0,47697780.0
BRANTAS TAMBAHAN,PSE-BL,EKO,JAUH,805.0,145.1,4732365000.0,118309125.0
PANDANWANGI,JR-KTG,LOK EKO,DEKAT,112.0,122.5,4711360000.0,6215515.0
ARJUNO EKSPRES,ML-SGU,LOK EKS,DEKAT,93.0,65.0,4672786000.0,16057684.0
KERTAJAYA TAMBAHAN,SBI-PSE,EKO,JAUH,719.0,132.6,4671623000.0,113942024.0
KA TAMBAHAN YK GMR,YK-GMR,EKO,JAUH,512.0,83.1,4662363000.0,74005762.0
KERTAJAYA TAMBAHAN,PSE-SBI,EKO,JAUH,718.0,141.6,4646792000.0,116169800.0
KALIGUNG,BB-SMC,EKS,SEDANG,160.0,55.9,4644380000.0,6362164.0
LODAYA TAMBAHAN,SLO-BD,EKS,SEDANG,447.0,68.3,4605681000.0,46056810.0
KAMANDAKA,SMT-KYA-CP,EKS,SEDANG,305.0,57.4,4591681000.0,12579948.0
JOGLOSEMARKERTO,YK-CP,EKO,SEDANG,173.0,79.6,4572415000.0,12527164.0
JOGLOSEMARKERTO,PWT-TG-SMT-SLO,EKS,SEDANG,352.0,49.5,4568382000.0,12516115.0
PANDANWANGI,KTG-JR,LOK EKO,DEKAT,112.0,118.0,4533696000.0,5981129.0
KERTAJAYA TAMBAHAN,SBI-PSE,EKS,JAUH,719.0,92.1,4304078000.0,104977512.0
KAMANDAKA,PWT-TG-SMT,EKS,SEDANG,244.0,40.2,4277352000.0,11718773.0
BRANTAS TAMBAHAN,PSE-BL,EKS,JAUH,805.0,109.0,4171331000.0,101739780.0
KERTAJAYA TAMBAHAN,PSE-SBI,EKS,JAUH,718.0,106.9,4147973000.0,103699325.0
KUTOJAYA UTARA,PSE-KTA,EKO,JAUH,453.0,90.6,3978771000.0,102019769.0
BRANTAS TAMBAHAN,BL-PSE,EKS,JAUH,805.0,92.1,3731347000.0,91008463.0
KUTOJAYA UTARA,KTA-PSE,EKO,JAUH,453.0,77.9,3485212000.0,87130300.0
GUNUNGJATI,GMR-CN,EKS,SEDANG,214.0,25.9,3261533000.0,9765069.0
JOGLOSEMARKERTO,YK-CP,EKS,SEDANG,173.0,29.8,3208282000.0,8789814.0
KALIGUNG,CNP-SMC,EKS,SEDANG,222.0,71.8,3040694000.0,8330668.0
PASUNDAN LEBARAN,KAC-SGU,EKO,JAUH,691.0,214.8,2981401000.0,135518227.0
CHERIBON FAKULTATIF,CN-GMR,EKO,SEDANG,214.0,72.3,2873155000.0,33024770.0
PASUNDAN LEBARAN,SGU-KAC,EKO,JAUH,691.0,199.0,2778000000.0,126272727.0
KA TAMBAHAN KAC SGU,KAC-SGU,EKO,JAUH,691.0,179.6,2695260000.0,192518571.0
CHERIBON FAKULTATIF,CN-GMR,EKS,SEDANG,214.0,60.8,2583230000.0,29692299.0
KA TAMBAHAN LPN PSE,LPN-PSE,EKO,JAUH,512.0,72.2,2576746000.0,83120839.0
PARIAMAN EKSPRES,NRS-IMA,LOK EKO,DEKAT,74.0,113.8,2573800000.0,2350502.0
SILIWANGI,SI-CPT,LOK EKO,DEKAT,67.0,110.0,2544322000.0,2325706.0
PARIAMAN EKSPRES,IMA-NRS,LOK EKO,DEKAT,74.0,113.2,2496110000.0,2345968.0
KA TAMBAHAN SGU KAC,SGU-KAC,EKO,JAUH,691.0,168.8,2451931000.0,175137929.0
SILIWANGI,CPT-SI,LOK EKO,DEKAT,67.0,105.2,2418161000.0,2210385.0
KA BIAS,CRB-SMO,LOK EKO,DEKAT,126.0,139.8,2402594000.0,8768591.0
KALIGUNG,TG-SMC,EKS,SEDANG,148.0,32.5,2242503000.0,3762589.0
KA BIAS,SMO-CRB,LOK EKO,DEKAT,126.0,128.6,2202023000.0,8036580.0
KUTOJAYA SELATAN TAMBAHAN,KAC-KTA,EKO,SEDANG,319.0,56.0,1898628000.0,48682769.0
KALIGUNG,SMC-BB,EKS,SEDANG,160.0,44.4,1848526000.0,5064455.0
KLB TAMBAHAN PSE LPN,PSE-LPN,EKO,JAUH,512.0,61.5,1785451000.0,105026529.0
KA TAMBAHAN PSE LPN,PSE-LPN,EKS,JAUH,512.0,93.0,1698445000.0,121317500.0
KEDUNG SEPUR,NBO-SMC,LOK EKO,DEKAT,60.0,116.7,1683080000.0,2380594.0
BANYUBIRU,SLO-SMT,LOK EKS,DEKAT,108.0,40.4,1677284000.0,4595299.0
KALIGUNG,SMC-CNP,EKS,SEDANG,222.0,37.7,1665397000.0,4562732.0
KEDUNG SEPUR,SMC-NBO,LOK EKO,DEKAT,60.0,114.3,1648330000.0,2331443.0
PARIAMAN EKSPRES,PD-NRS,LOK EKO,DEKAT,60.0,102.7,1525160000.0,2121224.0
PARIAMAN EKSPRES,NRS-PD,LOK EKO,DEKAT,60.0,102.3,1504575000.0,2119120.0
KUTOJAYA SELATAN TAMBAHAN,KTA-KAC,EKO,SEDANG,319.0,40.9,1477199000.0,36929975.0
MINANGKABAU EKSPRES,BIM-PLA,LOK EKO,DEKAT,25.0,31.0,1330750000.0,607926.0
KA TAMBAHAN PSE LPN,PSE-LPN,EKO,JAUH,512.0,110.2,1277914000.0,91279571.0
MINANGKABAU EKSPRES,PLA-BIM,LOK EKO,DEKAT,25.0,29.0,1247390000.0,569584.0
SANCAKA UTARA,SBI-GBN-SLO-CP,BIS,JAUH,504.0,78.7,1190980000.0,34028000.0
KA TAMBAHAN LPN PSE,LPN-PSE,EKS,JAUH,512.0,63.4,1156835000.0,82631071.0
CHERIBON FAKULTATIF,GMR-CN,EKO,SEDANG,214.0,27.3,1071397000.0,12314908.0
PARAHYANGAN LUXURY,BD-GMR,EKS,SEDANG,169.0,35.2,1043611000.0,4076605.0
SANCAKA UTARA,CP-SLO-GBN-SBI,BIS,JAUH,504.0,60.0,936848000.0,26767086.0
SEMBRANI LUXURY SLEEPER,SBI-GMR,EKS,JAUH,720.0,77.7,911550000.0,36462000.0
CHERIBON FAKULTATIF,GMR-CN,EKS,SEDANG,214.0,22.1,906052000.0,10414391.0
PARAHYANGAN LUXURY,GMR-BD,EKS,SEDANG,169.0,30.5,802280000.0,3581607.0
KUTOJAYA UTARA,PSE-KTA,EKS,JAUH,453.0,58.4,719836000.0,51416857.0
KA TAMBAHAN PSE SMC,PSE-SMC,EKO,SEDANG,437.0,125.0,686964000.0,137392800.0
SEMBRANI LUXURY SLEEPER,GMR-SBI,EKS,JAUH,720.0,55.5,642205000.0,25688200.0
BANYUBIRU,SMT-SLO,LOK EKS,DEKAT,108.0,15.4,630532000.0,1737003.0
MOTIS LEBARAN TENGAH,KPB-LPN,EKO,JAUH,517.0,124.6,511416743.0,21309031.0
KA TAMBAHAN SMC PSE,SMC-PSE,EKO,SEDANG,437.0,81.0,438888000.0,87777600.0
KUTOJAYA UTARA,KTA-PSE,EKS,JAUH,453.0,34.5,421665000.0,28111000.0
KLB PT MNK,GMR-YK,EKS,JAUH,512.0,103.5,409500000.0,204750000.0
KLB PT MNK,YK-GMR,EKS,JAUH,512.0,103.5,409500000.0,204750000.0
DATUK BELAMBANGAN,LAG-TBI,LOK EKO,DEKAT,36.0,31.3,252275000.0,345582.0
MOTIS LEBARAN TENGAH,LPN-KPB,EKO,JAUH,517.0,79.3,239864936.0,9994372.0
ARGO ANJASMORO COMPARTMENT,GMR-SBI,EKS,JAUH,720.0,82.9,219535000.0,27441875.0
KLB BTB KNIGHTS UNITED 9 12,ML-GMR,EKS,JAUH,881.0,100.0,213000000.0,213000000.0
KLB BTB KNIGHTS UNITED 9 12,GMR-ML,EKS,JAUH,881.0,100.0,213000000.0,213000000.0
DATUK BELAMBANGAN,TBI-LAG,LOK EKO,DEKAT,36.0,26.3,211210000.0,291324.0
KLB VINILON GROUP,YK-GMR,EKS,JAUH,512.0,100.0,204168000.0,204168000.0
KLB VINILON GROUP,GMR-YK,EKS,JAUH,512.0,100.0,204168000.0,204168000.0
KLB KOTA BARU PARAHYANGAN,BD-ML,EKS,JAUH,780.0,100.0,195000000.0,195000000.0
MUTIARA TIMUR,KTG-SGU,EKO,SEDANG,306.0,119.6,194282000.0,38856400.0
KLB UNIVERSITAS MUHAMMADIYAH CIREBON,CN-KTG,EKS,JAUH,816.0,100.0,186000000.0,186000000.0
KLB UNIVERSITAS MUHAMMADIYAH CIREBON,KTG-CN,EKS,JAUH,911.0,100.0,186000000.0,186000000.0
KLB ROMBONGAN IDAI,GMR-ML,EKS,JAUH,881.0,100.0,180000000.0,180000000.0
KLB KOTA BARU PARAHYANGAN,ML-PDL,EKS,JAUH,795.0,100.0,180000000.0,180000000.0
KLB ROMBONGAN IDAI,ML-GMR,EKS,JAUH,881.0,100.0,180000000.0,180000000.0
MOTIS NATARU TENGAH,PWS-KPB,EKO,JAUH,572.0,133.1,176865268.0,22108159.0
MUTIARA TIMUR,SGU-KTG,EKO,SEDANG,306.0,104.8,166955000.0,33391000.0
ARGO ANJASMORO COMPARTMENT,SBI-GMR,EKS,JAUH,720.0,65.8,161013000.0,20126625.0
MOTIS NATARU TENGAH,KPB-PWS,EKO,JAUH,572.0,130.8,158538760.0,19817345.0
MOTIS NATARU UTARA,KPB-SMT,EKO,SEDANG,444.0,76.9,156983456.0,19622932.0
MOTIS LEBARAN UTARA,KPB-SMT,EKO,SEDANG,444.0,101.8,152635506.0,19079438.0
KLB TKK BPK PENABUR,GMR-BOO,LOK EKO,DEKAT,49.0,100.0,132000000.0,26400000.0
KLB TKK BPK PENABUR,BOO-GMR,LOK EKO,DEKAT,49.0,100.0,132000000.0,26400000.0
KLB ROMBONGAN KEMENHUT,GRT-GMR,EKS,SEDANG,247.0,100.0,100500000.0,100500000.0
KLB ROMBONGAN KEMENHUT,GMR-GRT,EKS,SEDANG,247.0,100.0,85500000.0,85500000.0
MOTIS LEBARAN UTARA,SMT-KPB,EKO,SEDANG,444.0,69.6,79540496.0,9942562.0
KA TAMBAHAN SGU BD,SGU-BD,EKS,JAUH,696.0,60.0,53149000.0,53149000.0
MOTIS NATARU UTARA,SMT-KPB,EKO,SEDANG,444.0,29.8,51404321.0,6425540.0
